#
# TABLE STRUCTURE FOR: communities
#
USE VK
DROP TABLE IF EXISTS `communities`;

CREATE TABLE `communities` (
  `id` bigint(20) unsigned NOT NULL AUTO_INCREMENT,
  `name` varchar(150) COLLATE utf8mb4_unicode_ci DEFAULT NULL,
  `admin_user_id` bigint(20) unsigned NOT NULL,
  UNIQUE KEY `id` (`id`),
  KEY `communities_name_idx` (`name`),
  KEY `admin_user_id` (`admin_user_id`),
  CONSTRAINT `communities_ibfk_1` FOREIGN KEY (`admin_user_id`) REFERENCES `users` (`id`)
) ENGINE=InnoDB AUTO_INCREMENT=101 DEFAULT CHARSET=utf8mb4 COLLATE=utf8mb4_unicode_ci;

INSERT INTO `communities` (`id`, `name`, `admin_user_id`) VALUES ('1', 'Mercedes', '201');
INSERT INTO `communities` (`id`, `name`, `admin_user_id`) VALUES ('2', 'Dakota', '202');
INSERT INTO `communities` (`id`, `name`, `admin_user_id`) VALUES ('3', 'Wilmer', '203');
INSERT INTO `communities` (`id`, `name`, `admin_user_id`) VALUES ('4', 'Otha', '205');
INSERT INTO `communities` (`id`, `name`, `admin_user_id`) VALUES ('5', 'Jaquan', '206');
INSERT INTO `communities` (`id`, `name`, `admin_user_id`) VALUES ('6', 'Gisselle', '210');
INSERT INTO `communities` (`id`, `name`, `admin_user_id`) VALUES ('7', 'Ara', '213');
INSERT INTO `communities` (`id`, `name`, `admin_user_id`) VALUES ('8', 'Myrna', '214');
INSERT INTO `communities` (`id`, `name`, `admin_user_id`) VALUES ('9', 'Keshawn', '215');
INSERT INTO `communities` (`id`, `name`, `admin_user_id`) VALUES ('10', 'Cloyd', '216');
INSERT INTO `communities` (`id`, `name`, `admin_user_id`) VALUES ('11', 'Hazle', '217');
INSERT INTO `communities` (`id`, `name`, `admin_user_id`) VALUES ('12', 'Devonte', '218');
INSERT INTO `communities` (`id`, `name`, `admin_user_id`) VALUES ('13', 'Eudora', '220');
INSERT INTO `communities` (`id`, `name`, `admin_user_id`) VALUES ('14', 'Elyse', '221');
INSERT INTO `communities` (`id`, `name`, `admin_user_id`) VALUES ('15', 'Lenora', '222');
INSERT INTO `communities` (`id`, `name`, `admin_user_id`) VALUES ('16', 'Meggie', '223');
INSERT INTO `communities` (`id`, `name`, `admin_user_id`) VALUES ('17', 'Dell', '224');
INSERT INTO `communities` (`id`, `name`, `admin_user_id`) VALUES ('18', 'Amber', '225');
INSERT INTO `communities` (`id`, `name`, `admin_user_id`) VALUES ('19', 'Pinkie', '226');
INSERT INTO `communities` (`id`, `name`, `admin_user_id`) VALUES ('20', 'Louisa', '227');
INSERT INTO `communities` (`id`, `name`, `admin_user_id`) VALUES ('21', 'Coleman', '228');
INSERT INTO `communities` (`id`, `name`, `admin_user_id`) VALUES ('22', 'Carmine', '229');
INSERT INTO `communities` (`id`, `name`, `admin_user_id`) VALUES ('23', 'Estrella', '230');
INSERT INTO `communities` (`id`, `name`, `admin_user_id`) VALUES ('24', 'Amparo', '231');
INSERT INTO `communities` (`id`, `name`, `admin_user_id`) VALUES ('25', 'Santino', '233');
INSERT INTO `communities` (`id`, `name`, `admin_user_id`) VALUES ('26', 'Vanessa', '235');
INSERT INTO `communities` (`id`, `name`, `admin_user_id`) VALUES ('27', 'Madeline', '236');
INSERT INTO `communities` (`id`, `name`, `admin_user_id`) VALUES ('28', 'Audie', '239');
INSERT INTO `communities` (`id`, `name`, `admin_user_id`) VALUES ('29', 'Clement', '240');
INSERT INTO `communities` (`id`, `name`, `admin_user_id`) VALUES ('30', 'Kellen', '242');
INSERT INTO `communities` (`id`, `name`, `admin_user_id`) VALUES ('31', 'Nickolas', '245');
INSERT INTO `communities` (`id`, `name`, `admin_user_id`) VALUES ('32', 'Adele', '246');
INSERT INTO `communities` (`id`, `name`, `admin_user_id`) VALUES ('33', 'Lila', '248');
INSERT INTO `communities` (`id`, `name`, `admin_user_id`) VALUES ('34', 'Jazmyne', '249');
INSERT INTO `communities` (`id`, `name`, `admin_user_id`) VALUES ('35', 'Joey', '251');
INSERT INTO `communities` (`id`, `name`, `admin_user_id`) VALUES ('36', 'Eldon', '252');
INSERT INTO `communities` (`id`, `name`, `admin_user_id`) VALUES ('37', 'Filiberto', '253');
INSERT INTO `communities` (`id`, `name`, `admin_user_id`) VALUES ('38', 'Katheryn', '254');
INSERT INTO `communities` (`id`, `name`, `admin_user_id`) VALUES ('39', 'Cameron', '255');
INSERT INTO `communities` (`id`, `name`, `admin_user_id`) VALUES ('40', 'Mckayla', '257');
INSERT INTO `communities` (`id`, `name`, `admin_user_id`) VALUES ('41', 'Bradford', '258');
INSERT INTO `communities` (`id`, `name`, `admin_user_id`) VALUES ('42', 'Sid', '259');
INSERT INTO `communities` (`id`, `name`, `admin_user_id`) VALUES ('43', 'Leonel', '260');
INSERT INTO `communities` (`id`, `name`, `admin_user_id`) VALUES ('44', 'Justina', '263');
INSERT INTO `communities` (`id`, `name`, `admin_user_id`) VALUES ('45', 'Barney', '265');
INSERT INTO `communities` (`id`, `name`, `admin_user_id`) VALUES ('46', 'Dina', '266');
INSERT INTO `communities` (`id`, `name`, `admin_user_id`) VALUES ('47', 'Annalise', '268');
INSERT INTO `communities` (`id`, `name`, `admin_user_id`) VALUES ('48', 'Julian', '269');
INSERT INTO `communities` (`id`, `name`, `admin_user_id`) VALUES ('49', 'Louie', '270');
INSERT INTO `communities` (`id`, `name`, `admin_user_id`) VALUES ('50', 'Bonita', '275');
INSERT INTO `communities` (`id`, `name`, `admin_user_id`) VALUES ('51', 'Napoleon', '276');
INSERT INTO `communities` (`id`, `name`, `admin_user_id`) VALUES ('52', 'Alvena', '277');
INSERT INTO `communities` (`id`, `name`, `admin_user_id`) VALUES ('53', 'Harmon', '278');
INSERT INTO `communities` (`id`, `name`, `admin_user_id`) VALUES ('54', 'Maud', '279');
INSERT INTO `communities` (`id`, `name`, `admin_user_id`) VALUES ('55', 'Cordie', '281');
INSERT INTO `communities` (`id`, `name`, `admin_user_id`) VALUES ('56', 'Marie', '282');
INSERT INTO `communities` (`id`, `name`, `admin_user_id`) VALUES ('57', 'Myron', '283');
INSERT INTO `communities` (`id`, `name`, `admin_user_id`) VALUES ('58', 'Kiana', '284');
INSERT INTO `communities` (`id`, `name`, `admin_user_id`) VALUES ('59', 'Malinda', '285');
INSERT INTO `communities` (`id`, `name`, `admin_user_id`) VALUES ('60', 'Sonya', '286');
INSERT INTO `communities` (`id`, `name`, `admin_user_id`) VALUES ('61', 'Lou', '287');
INSERT INTO `communities` (`id`, `name`, `admin_user_id`) VALUES ('62', 'Katlyn', '288');
INSERT INTO `communities` (`id`, `name`, `admin_user_id`) VALUES ('63', 'Julius', '290');
INSERT INTO `communities` (`id`, `name`, `admin_user_id`) VALUES ('64', 'Eve', '291');
INSERT INTO `communities` (`id`, `name`, `admin_user_id`) VALUES ('65', 'Keara', '292');
INSERT INTO `communities` (`id`, `name`, `admin_user_id`) VALUES ('66', 'Jenifer', '293');
INSERT INTO `communities` (`id`, `name`, `admin_user_id`) VALUES ('67', 'Janice', '294');
INSERT INTO `communities` (`id`, `name`, `admin_user_id`) VALUES ('68', 'Aisha', '295');
INSERT INTO `communities` (`id`, `name`, `admin_user_id`) VALUES ('69', 'Kamren', '296');
INSERT INTO `communities` (`id`, `name`, `admin_user_id`) VALUES ('70', 'Sandy', '297');
INSERT INTO `communities` (`id`, `name`, `admin_user_id`) VALUES ('71', 'Norma', '298');
INSERT INTO `communities` (`id`, `name`, `admin_user_id`) VALUES ('72', 'Brennon', '299');
INSERT INTO `communities` (`id`, `name`, `admin_user_id`) VALUES ('73', 'Cortney', '301');
INSERT INTO `communities` (`id`, `name`, `admin_user_id`) VALUES ('74', 'Rebekah', '305');
INSERT INTO `communities` (`id`, `name`, `admin_user_id`) VALUES ('75', 'Hilda', '306');
INSERT INTO `communities` (`id`, `name`, `admin_user_id`) VALUES ('76', 'Vance', '307');
INSERT INTO `communities` (`id`, `name`, `admin_user_id`) VALUES ('77', 'Aric', '309');
INSERT INTO `communities` (`id`, `name`, `admin_user_id`) VALUES ('78', 'Connie', '313');
INSERT INTO `communities` (`id`, `name`, `admin_user_id`) VALUES ('79', 'Kody', '314');
INSERT INTO `communities` (`id`, `name`, `admin_user_id`) VALUES ('80', 'Isabelle', '316');
INSERT INTO `communities` (`id`, `name`, `admin_user_id`) VALUES ('81', 'Stephan', '318');
INSERT INTO `communities` (`id`, `name`, `admin_user_id`) VALUES ('82', 'Judson', '319');
INSERT INTO `communities` (`id`, `name`, `admin_user_id`) VALUES ('83', 'Daisha', '320');
INSERT INTO `communities` (`id`, `name`, `admin_user_id`) VALUES ('84', 'Kim', '321');
INSERT INTO `communities` (`id`, `name`, `admin_user_id`) VALUES ('85', 'Fernando', '323');
INSERT INTO `communities` (`id`, `name`, `admin_user_id`) VALUES ('86', 'Philip', '324');
INSERT INTO `communities` (`id`, `name`, `admin_user_id`) VALUES ('87', 'Adam', '325');
INSERT INTO `communities` (`id`, `name`, `admin_user_id`) VALUES ('88', 'Aiden', '327');
INSERT INTO `communities` (`id`, `name`, `admin_user_id`) VALUES ('89', 'Dayna', '328');
INSERT INTO `communities` (`id`, `name`, `admin_user_id`) VALUES ('90', 'Amelia', '330');
INSERT INTO `communities` (`id`, `name`, `admin_user_id`) VALUES ('91', 'Timmy', '331');
INSERT INTO `communities` (`id`, `name`, `admin_user_id`) VALUES ('92', 'Marshall', '332');
INSERT INTO `communities` (`id`, `name`, `admin_user_id`) VALUES ('93', 'Linda', '333');
INSERT INTO `communities` (`id`, `name`, `admin_user_id`) VALUES ('94', 'Gwen', '335');
INSERT INTO `communities` (`id`, `name`, `admin_user_id`) VALUES ('95', 'Arlo', '336');
INSERT INTO `communities` (`id`, `name`, `admin_user_id`) VALUES ('96', 'Kitty', '337');
INSERT INTO `communities` (`id`, `name`, `admin_user_id`) VALUES ('97', 'Coy', '341');
INSERT INTO `communities` (`id`, `name`, `admin_user_id`) VALUES ('98', 'Guy', '343');
INSERT INTO `communities` (`id`, `name`, `admin_user_id`) VALUES ('99', 'Vida', '345');
INSERT INTO `communities` (`id`, `name`, `admin_user_id`) VALUES ('100', 'Nicole', '348');


#
# TABLE STRUCTURE FOR: friend_requests
#

DROP TABLE IF EXISTS `friend_requests`;

CREATE TABLE `friend_requests` (
  `initiator_user_id` bigint(20) unsigned NOT NULL,
  `target_user_id` bigint(20) unsigned NOT NULL,
  `status` enum('requested','approved','declined','unfriended') COLLATE utf8mb4_unicode_ci DEFAULT NULL,
  `requested_at` datetime DEFAULT current_timestamp(),
  `updated_at` datetime DEFAULT NULL ON UPDATE current_timestamp(),
  PRIMARY KEY (`initiator_user_id`,`target_user_id`),
  KEY `target_user_id` (`target_user_id`),
  CONSTRAINT `friend_requests_ibfk_1` FOREIGN KEY (`initiator_user_id`) REFERENCES `users` (`id`),
  CONSTRAINT `friend_requests_ibfk_2` FOREIGN KEY (`target_user_id`) REFERENCES `users` (`id`),
  CONSTRAINT `CONSTRAINT_1` CHECK (`initiator_user_id` <> `target_user_id`)
) ENGINE=InnoDB DEFAULT CHARSET=utf8mb4 COLLATE=utf8mb4_unicode_ci;

#
# TABLE STRUCTURE FOR: likes
#

DROP TABLE IF EXISTS `likes`;

CREATE TABLE `likes` (
  `id` bigint(20) unsigned NOT NULL AUTO_INCREMENT,
  `user_id` bigint(20) unsigned NOT NULL,
  `media_id` bigint(20) unsigned NOT NULL,
  `created_at` datetime DEFAULT current_timestamp(),
  UNIQUE KEY `id` (`id`),
  KEY `likes_fk` (`media_id`),
  KEY `likes_fk_1` (`user_id`),
  CONSTRAINT `likes_fk` FOREIGN KEY (`media_id`) REFERENCES `media` (`id`),
  CONSTRAINT `likes_fk_1` FOREIGN KEY (`user_id`) REFERENCES `users` (`id`)
) ENGINE=InnoDB AUTO_INCREMENT=101 DEFAULT CHARSET=utf8mb4 COLLATE=utf8mb4_unicode_ci;

INSERT INTO `likes` (`id`, `user_id`, `media_id`, `created_at`) VALUES ('1', '201', '1', '1994-12-07 06:16:36');
INSERT INTO `likes` (`id`, `user_id`, `media_id`, `created_at`) VALUES ('2', '202', '2', '1989-10-13 11:43:14');
INSERT INTO `likes` (`id`, `user_id`, `media_id`, `created_at`) VALUES ('3', '203', '3', '1994-12-13 20:16:39');
INSERT INTO `likes` (`id`, `user_id`, `media_id`, `created_at`) VALUES ('4', '205', '4', '1983-04-03 18:48:28');
INSERT INTO `likes` (`id`, `user_id`, `media_id`, `created_at`) VALUES ('5', '206', '5', '2012-03-07 16:24:39');
INSERT INTO `likes` (`id`, `user_id`, `media_id`, `created_at`) VALUES ('6', '210', '6', '2007-04-20 18:44:37');
INSERT INTO `likes` (`id`, `user_id`, `media_id`, `created_at`) VALUES ('7', '213', '7', '2014-12-13 12:05:18');
INSERT INTO `likes` (`id`, `user_id`, `media_id`, `created_at`) VALUES ('8', '214', '8', '1985-04-21 11:43:21');
INSERT INTO `likes` (`id`, `user_id`, `media_id`, `created_at`) VALUES ('9', '215', '9', '1980-01-04 11:51:09');
INSERT INTO `likes` (`id`, `user_id`, `media_id`, `created_at`) VALUES ('10', '216', '10', '2004-07-17 08:56:09');
INSERT INTO `likes` (`id`, `user_id`, `media_id`, `created_at`) VALUES ('11', '217', '11', '1980-05-02 03:06:49');
INSERT INTO `likes` (`id`, `user_id`, `media_id`, `created_at`) VALUES ('12', '218', '12', '2010-11-26 08:11:26');
INSERT INTO `likes` (`id`, `user_id`, `media_id`, `created_at`) VALUES ('13', '220', '13', '1986-08-09 12:30:13');
INSERT INTO `likes` (`id`, `user_id`, `media_id`, `created_at`) VALUES ('14', '221', '14', '1975-03-14 04:56:01');
INSERT INTO `likes` (`id`, `user_id`, `media_id`, `created_at`) VALUES ('15', '222', '15', '1999-12-25 00:08:54');
INSERT INTO `likes` (`id`, `user_id`, `media_id`, `created_at`) VALUES ('16', '223', '16', '1983-08-01 14:18:42');
INSERT INTO `likes` (`id`, `user_id`, `media_id`, `created_at`) VALUES ('17', '224', '17', '2011-07-25 05:33:13');
INSERT INTO `likes` (`id`, `user_id`, `media_id`, `created_at`) VALUES ('18', '225', '18', '2007-10-30 05:15:41');
INSERT INTO `likes` (`id`, `user_id`, `media_id`, `created_at`) VALUES ('19', '226', '19', '1984-01-06 06:12:23');
INSERT INTO `likes` (`id`, `user_id`, `media_id`, `created_at`) VALUES ('20', '227', '20', '1998-06-09 19:38:53');
INSERT INTO `likes` (`id`, `user_id`, `media_id`, `created_at`) VALUES ('21', '228', '21', '1991-05-07 09:47:14');
INSERT INTO `likes` (`id`, `user_id`, `media_id`, `created_at`) VALUES ('22', '229', '22', '2016-04-19 10:18:16');
INSERT INTO `likes` (`id`, `user_id`, `media_id`, `created_at`) VALUES ('23', '230', '23', '2000-05-06 21:54:45');
INSERT INTO `likes` (`id`, `user_id`, `media_id`, `created_at`) VALUES ('24', '231', '24', '1992-03-03 19:42:25');
INSERT INTO `likes` (`id`, `user_id`, `media_id`, `created_at`) VALUES ('25', '233', '25', '1982-10-27 10:01:26');
INSERT INTO `likes` (`id`, `user_id`, `media_id`, `created_at`) VALUES ('26', '235', '26', '1992-07-29 16:08:54');
INSERT INTO `likes` (`id`, `user_id`, `media_id`, `created_at`) VALUES ('27', '236', '27', '2021-12-04 06:44:57');
INSERT INTO `likes` (`id`, `user_id`, `media_id`, `created_at`) VALUES ('28', '239', '28', '1997-09-20 13:46:36');
INSERT INTO `likes` (`id`, `user_id`, `media_id`, `created_at`) VALUES ('29', '240', '29', '2013-08-09 22:37:14');
INSERT INTO `likes` (`id`, `user_id`, `media_id`, `created_at`) VALUES ('30', '242', '30', '2022-09-06 03:36:42');
INSERT INTO `likes` (`id`, `user_id`, `media_id`, `created_at`) VALUES ('31', '245', '31', '2003-03-11 08:29:31');
INSERT INTO `likes` (`id`, `user_id`, `media_id`, `created_at`) VALUES ('32', '246', '32', '2011-03-25 16:15:23');
INSERT INTO `likes` (`id`, `user_id`, `media_id`, `created_at`) VALUES ('33', '248', '33', '1990-08-09 02:55:34');
INSERT INTO `likes` (`id`, `user_id`, `media_id`, `created_at`) VALUES ('34', '249', '34', '2016-02-12 03:42:09');
INSERT INTO `likes` (`id`, `user_id`, `media_id`, `created_at`) VALUES ('35', '251', '35', '1983-03-04 13:26:05');
INSERT INTO `likes` (`id`, `user_id`, `media_id`, `created_at`) VALUES ('36', '252', '36', '1986-10-25 15:21:44');
INSERT INTO `likes` (`id`, `user_id`, `media_id`, `created_at`) VALUES ('37', '253', '37', '2010-12-02 03:50:13');
INSERT INTO `likes` (`id`, `user_id`, `media_id`, `created_at`) VALUES ('38', '254', '38', '2007-08-07 08:21:11');
INSERT INTO `likes` (`id`, `user_id`, `media_id`, `created_at`) VALUES ('39', '255', '39', '2007-04-24 21:22:43');
INSERT INTO `likes` (`id`, `user_id`, `media_id`, `created_at`) VALUES ('40', '257', '40', '1973-10-06 04:34:57');
INSERT INTO `likes` (`id`, `user_id`, `media_id`, `created_at`) VALUES ('41', '258', '41', '2009-04-29 10:35:39');
INSERT INTO `likes` (`id`, `user_id`, `media_id`, `created_at`) VALUES ('42', '259', '42', '2006-08-19 01:03:28');
INSERT INTO `likes` (`id`, `user_id`, `media_id`, `created_at`) VALUES ('43', '260', '43', '2018-02-10 01:01:24');
INSERT INTO `likes` (`id`, `user_id`, `media_id`, `created_at`) VALUES ('44', '263', '44', '2007-05-16 18:56:54');
INSERT INTO `likes` (`id`, `user_id`, `media_id`, `created_at`) VALUES ('45', '265', '45', '2004-07-22 10:23:31');
INSERT INTO `likes` (`id`, `user_id`, `media_id`, `created_at`) VALUES ('46', '266', '46', '1994-01-23 02:11:57');
INSERT INTO `likes` (`id`, `user_id`, `media_id`, `created_at`) VALUES ('47', '268', '47', '2010-01-17 09:20:35');
INSERT INTO `likes` (`id`, `user_id`, `media_id`, `created_at`) VALUES ('48', '269', '48', '1986-12-30 16:53:39');
INSERT INTO `likes` (`id`, `user_id`, `media_id`, `created_at`) VALUES ('49', '270', '49', '2003-05-29 01:31:02');
INSERT INTO `likes` (`id`, `user_id`, `media_id`, `created_at`) VALUES ('50', '275', '50', '1997-09-25 22:45:24');
INSERT INTO `likes` (`id`, `user_id`, `media_id`, `created_at`) VALUES ('51', '276', '51', '1977-11-06 15:18:21');
INSERT INTO `likes` (`id`, `user_id`, `media_id`, `created_at`) VALUES ('52', '277', '52', '1988-03-19 19:49:45');
INSERT INTO `likes` (`id`, `user_id`, `media_id`, `created_at`) VALUES ('53', '278', '53', '2015-04-18 10:19:30');
INSERT INTO `likes` (`id`, `user_id`, `media_id`, `created_at`) VALUES ('54', '279', '54', '2015-11-19 16:24:14');
INSERT INTO `likes` (`id`, `user_id`, `media_id`, `created_at`) VALUES ('55', '281', '55', '1993-08-25 06:28:55');
INSERT INTO `likes` (`id`, `user_id`, `media_id`, `created_at`) VALUES ('56', '282', '56', '2004-07-04 02:46:03');
INSERT INTO `likes` (`id`, `user_id`, `media_id`, `created_at`) VALUES ('57', '283', '57', '1972-03-02 20:03:58');
INSERT INTO `likes` (`id`, `user_id`, `media_id`, `created_at`) VALUES ('58', '284', '58', '2006-12-01 17:08:11');
INSERT INTO `likes` (`id`, `user_id`, `media_id`, `created_at`) VALUES ('59', '285', '59', '2009-05-13 14:33:04');
INSERT INTO `likes` (`id`, `user_id`, `media_id`, `created_at`) VALUES ('60', '286', '60', '2000-08-31 09:06:10');
INSERT INTO `likes` (`id`, `user_id`, `media_id`, `created_at`) VALUES ('61', '287', '61', '2009-03-01 01:05:17');
INSERT INTO `likes` (`id`, `user_id`, `media_id`, `created_at`) VALUES ('62', '288', '62', '1984-09-24 07:00:10');
INSERT INTO `likes` (`id`, `user_id`, `media_id`, `created_at`) VALUES ('63', '290', '63', '1976-03-30 13:36:40');
INSERT INTO `likes` (`id`, `user_id`, `media_id`, `created_at`) VALUES ('64', '291', '64', '1980-11-13 12:31:50');
INSERT INTO `likes` (`id`, `user_id`, `media_id`, `created_at`) VALUES ('65', '292', '65', '2000-01-20 08:20:40');
INSERT INTO `likes` (`id`, `user_id`, `media_id`, `created_at`) VALUES ('66', '293', '66', '2007-05-12 17:47:07');
INSERT INTO `likes` (`id`, `user_id`, `media_id`, `created_at`) VALUES ('67', '294', '67', '1972-11-19 12:42:41');
INSERT INTO `likes` (`id`, `user_id`, `media_id`, `created_at`) VALUES ('68', '295', '68', '2021-08-01 06:30:09');
INSERT INTO `likes` (`id`, `user_id`, `media_id`, `created_at`) VALUES ('69', '296', '69', '2007-11-13 16:04:03');
INSERT INTO `likes` (`id`, `user_id`, `media_id`, `created_at`) VALUES ('70', '297', '70', '2021-03-21 16:00:06');
INSERT INTO `likes` (`id`, `user_id`, `media_id`, `created_at`) VALUES ('71', '298', '71', '1988-09-03 12:54:06');
INSERT INTO `likes` (`id`, `user_id`, `media_id`, `created_at`) VALUES ('72', '299', '72', '2014-08-21 18:32:35');
INSERT INTO `likes` (`id`, `user_id`, `media_id`, `created_at`) VALUES ('73', '301', '73', '1985-12-31 21:31:48');
INSERT INTO `likes` (`id`, `user_id`, `media_id`, `created_at`) VALUES ('74', '305', '74', '2003-12-02 13:59:50');
INSERT INTO `likes` (`id`, `user_id`, `media_id`, `created_at`) VALUES ('75', '306', '75', '2002-07-29 13:30:36');
INSERT INTO `likes` (`id`, `user_id`, `media_id`, `created_at`) VALUES ('76', '307', '76', '1976-12-23 08:46:45');
INSERT INTO `likes` (`id`, `user_id`, `media_id`, `created_at`) VALUES ('77', '309', '77', '1988-06-01 07:05:01');
INSERT INTO `likes` (`id`, `user_id`, `media_id`, `created_at`) VALUES ('78', '313', '78', '1978-09-12 18:46:50');
INSERT INTO `likes` (`id`, `user_id`, `media_id`, `created_at`) VALUES ('79', '314', '79', '1998-01-09 06:40:09');
INSERT INTO `likes` (`id`, `user_id`, `media_id`, `created_at`) VALUES ('80', '316', '80', '1991-03-01 23:03:49');
INSERT INTO `likes` (`id`, `user_id`, `media_id`, `created_at`) VALUES ('81', '318', '81', '1979-05-25 05:47:15');
INSERT INTO `likes` (`id`, `user_id`, `media_id`, `created_at`) VALUES ('82', '319', '82', '1970-04-24 11:04:58');
INSERT INTO `likes` (`id`, `user_id`, `media_id`, `created_at`) VALUES ('83', '320', '83', '2014-07-11 19:59:10');
INSERT INTO `likes` (`id`, `user_id`, `media_id`, `created_at`) VALUES ('84', '321', '84', '1997-03-30 07:20:33');
INSERT INTO `likes` (`id`, `user_id`, `media_id`, `created_at`) VALUES ('85', '323', '85', '2021-03-15 02:43:26');
INSERT INTO `likes` (`id`, `user_id`, `media_id`, `created_at`) VALUES ('86', '324', '86', '2021-11-11 11:24:18');
INSERT INTO `likes` (`id`, `user_id`, `media_id`, `created_at`) VALUES ('87', '325', '87', '1978-09-15 22:27:38');
INSERT INTO `likes` (`id`, `user_id`, `media_id`, `created_at`) VALUES ('88', '327', '88', '1972-07-26 01:38:53');
INSERT INTO `likes` (`id`, `user_id`, `media_id`, `created_at`) VALUES ('89', '328', '89', '2011-03-22 01:30:42');
INSERT INTO `likes` (`id`, `user_id`, `media_id`, `created_at`) VALUES ('90', '330', '90', '2005-07-24 13:32:16');
INSERT INTO `likes` (`id`, `user_id`, `media_id`, `created_at`) VALUES ('91', '331', '91', '2016-02-15 18:29:04');
INSERT INTO `likes` (`id`, `user_id`, `media_id`, `created_at`) VALUES ('92', '332', '92', '1993-03-23 04:11:22');
INSERT INTO `likes` (`id`, `user_id`, `media_id`, `created_at`) VALUES ('93', '333', '93', '1984-04-11 08:18:13');
INSERT INTO `likes` (`id`, `user_id`, `media_id`, `created_at`) VALUES ('94', '335', '94', '1980-08-10 12:21:24');
INSERT INTO `likes` (`id`, `user_id`, `media_id`, `created_at`) VALUES ('95', '336', '95', '2015-08-17 19:45:28');
INSERT INTO `likes` (`id`, `user_id`, `media_id`, `created_at`) VALUES ('96', '337', '96', '1982-03-02 09:26:34');
INSERT INTO `likes` (`id`, `user_id`, `media_id`, `created_at`) VALUES ('97', '341', '97', '2004-08-12 10:24:45');
INSERT INTO `likes` (`id`, `user_id`, `media_id`, `created_at`) VALUES ('98', '343', '98', '1974-03-24 18:43:31');
INSERT INTO `likes` (`id`, `user_id`, `media_id`, `created_at`) VALUES ('99', '345', '99', '2002-03-08 14:46:44');
INSERT INTO `likes` (`id`, `user_id`, `media_id`, `created_at`) VALUES ('100', '348', '100', '1988-10-29 18:19:59');


#
# TABLE STRUCTURE FOR: media
#

DROP TABLE IF EXISTS `media`;

CREATE TABLE `media` (
  `id` bigint(20) unsigned NOT NULL AUTO_INCREMENT,
  `media_type_id` bigint(20) unsigned NOT NULL,
  `user_id` bigint(20) unsigned NOT NULL,
  `body` text COLLATE utf8mb4_unicode_ci DEFAULT NULL,
  `filename` varchar(255) COLLATE utf8mb4_unicode_ci DEFAULT NULL,
  `size` int(11) DEFAULT NULL,
  `metadata` longtext CHARACTER SET utf8mb4 COLLATE utf8mb4_bin DEFAULT NULL CHECK (json_valid(`metadata`)),
  `created_at` datetime DEFAULT current_timestamp(),
  `updated_at` datetime DEFAULT NULL ON UPDATE current_timestamp(),
  UNIQUE KEY `id` (`id`),
  KEY `user_id` (`user_id`),
  KEY `media_type_id` (`media_type_id`),
  CONSTRAINT `media_ibfk_1` FOREIGN KEY (`user_id`) REFERENCES `users` (`id`),
  CONSTRAINT `media_ibfk_2` FOREIGN KEY (`media_type_id`) REFERENCES `media_types` (`id`)
) ENGINE=InnoDB AUTO_INCREMENT=101 DEFAULT CHARSET=utf8mb4 COLLATE=utf8mb4_unicode_ci;

INSERT INTO `media` (`id`, `media_type_id`, `user_id`, `body`, `filename`, `size`, `metadata`, `created_at`, `updated_at`) VALUES ('1', '1', '201', 'Ex natus deserunt reprehenderit amet saepe autem corrupti. Eveniet molestiae consequatur et odit doloribus quod. Aperiam minus dolores maxime esse nihil harum.', 'minima', 7247136, NULL, '2014-11-19 15:32:02', '2017-06-26 13:01:14');
INSERT INTO `media` (`id`, `media_type_id`, `user_id`, `body`, `filename`, `size`, `metadata`, `created_at`, `updated_at`) VALUES ('2', '2', '202', 'Facere et quo harum esse repudiandae. Aut fugit quam velit architecto eum molestiae. Aut esse libero ea enim.', 'quis', 484, NULL, '2007-11-07 12:27:38', '1983-05-01 16:18:00');
INSERT INTO `media` (`id`, `media_type_id`, `user_id`, `body`, `filename`, `size`, `metadata`, `created_at`, `updated_at`) VALUES ('3', '3', '203', 'Sequi repellat libero nam quia quasi magni. Praesentium consequatur reiciendis praesentium laudantium consequuntur. Aut quibusdam dolorum neque quod impedit aspernatur nihil fuga. Explicabo in reprehenderit molestias nobis blanditiis assumenda.', 'rerum', 1, NULL, '1986-01-09 17:00:44', '1975-06-25 03:06:13');
INSERT INTO `media` (`id`, `media_type_id`, `user_id`, `body`, `filename`, `size`, `metadata`, `created_at`, `updated_at`) VALUES ('4', '4', '205', 'Facere quo ut nulla iure officiis error. Nobis temporibus praesentium et expedita voluptas dolorum rerum. Molestias laborum vero ipsam reprehenderit. Debitis aut qui deserunt ut.', 'recusandae', 96498362, NULL, '2019-10-26 13:16:07', '2007-01-16 00:35:59');
INSERT INTO `media` (`id`, `media_type_id`, `user_id`, `body`, `filename`, `size`, `metadata`, `created_at`, `updated_at`) VALUES ('5', '1', '206', 'Sit excepturi sunt ea nam. Dolorum dolore eligendi voluptate tenetur.', 'aut', 40807842, NULL, '1978-09-05 19:07:18', '1986-07-01 00:18:44');
INSERT INTO `media` (`id`, `media_type_id`, `user_id`, `body`, `filename`, `size`, `metadata`, `created_at`, `updated_at`) VALUES ('6', '2', '210', 'Dolor sit est commodi voluptates aut. Maxime voluptatem ipsum exercitationem consequuntur corrupti numquam. Enim sed id odit quae. Nisi doloremque voluptas repudiandae est quibusdam eaque tempora dolor.', 'id', 32775055, NULL, '2006-04-13 20:41:12', '2017-06-27 20:01:09');
INSERT INTO `media` (`id`, `media_type_id`, `user_id`, `body`, `filename`, `size`, `metadata`, `created_at`, `updated_at`) VALUES ('7', '3', '213', 'Doloribus earum voluptatem dolorem harum eveniet libero. Sequi ipsum dolorem doloremque. Delectus vitae dolorem quia quasi quasi qui. Architecto rerum nulla quia minus tenetur nobis. Laboriosam nobis quibusdam veritatis commodi nobis aut praesentium.', 'culpa', 84, NULL, '1998-01-01 12:33:35', '1970-09-03 10:09:40');
INSERT INTO `media` (`id`, `media_type_id`, `user_id`, `body`, `filename`, `size`, `metadata`, `created_at`, `updated_at`) VALUES ('8', '4', '214', 'Delectus neque rem et. Est labore quae et omnis omnis. Et architecto ratione in excepturi voluptate sit sapiente odio.', 'pariatur', 3843, NULL, '2000-02-20 20:23:55', '1980-12-10 20:53:43');
INSERT INTO `media` (`id`, `media_type_id`, `user_id`, `body`, `filename`, `size`, `metadata`, `created_at`, `updated_at`) VALUES ('9', '1', '215', 'Ut eos ducimus ea consequuntur. Odio dicta nihil aut animi non. Dicta qui sit dolorum consequatur ducimus. Facilis unde laudantium voluptatem.', 'ut', 491187973, NULL, '1986-02-16 17:25:58', '1989-06-01 22:44:01');
INSERT INTO `media` (`id`, `media_type_id`, `user_id`, `body`, `filename`, `size`, `metadata`, `created_at`, `updated_at`) VALUES ('10', '2', '216', 'Repudiandae vero voluptatem et repellendus. Numquam et porro sunt nemo sunt a ut cum.', 'ipsam', 17979011, NULL, '2000-01-12 04:21:53', '2009-10-11 22:45:25');
INSERT INTO `media` (`id`, `media_type_id`, `user_id`, `body`, `filename`, `size`, `metadata`, `created_at`, `updated_at`) VALUES ('11', '3', '217', 'Iure eius consequatur accusantium in aut enim. In repudiandae voluptatem veniam dolorum. Aspernatur illum repellat itaque quam qui.', 'ea', 83442, NULL, '1975-06-20 06:42:37', '1999-11-04 03:08:58');
INSERT INTO `media` (`id`, `media_type_id`, `user_id`, `body`, `filename`, `size`, `metadata`, `created_at`, `updated_at`) VALUES ('12', '4', '218', 'Vero explicabo dignissimos expedita doloribus quasi pariatur. Cumque molestiae non dolores non quibusdam deleniti. Quo ipsum fuga vitae consequatur voluptate. Natus deleniti quis ut incidunt magnam quia quia.', 'et', 990959705, NULL, '2020-05-19 05:56:30', '1991-04-14 07:43:54');
INSERT INTO `media` (`id`, `media_type_id`, `user_id`, `body`, `filename`, `size`, `metadata`, `created_at`, `updated_at`) VALUES ('13', '1', '220', 'Et facere corrupti architecto aut quis laudantium nam. Sed unde et iure sed voluptatem accusamus. Eos quis voluptas optio sit maiores unde dolor. Exercitationem odit tenetur quia dicta.', 'recusandae', 69386094, NULL, '2016-02-12 11:09:18', '2008-03-07 08:58:10');
INSERT INTO `media` (`id`, `media_type_id`, `user_id`, `body`, `filename`, `size`, `metadata`, `created_at`, `updated_at`) VALUES ('14', '2', '221', 'Porro quo itaque earum qui qui cum quos. Laudantium earum ratione non ut. Qui ut similique rerum. Nobis autem sint delectus veniam non voluptas.', 'omnis', 0, NULL, '1973-01-11 19:30:24', '2015-10-18 06:57:32');
INSERT INTO `media` (`id`, `media_type_id`, `user_id`, `body`, `filename`, `size`, `metadata`, `created_at`, `updated_at`) VALUES ('15', '3', '222', 'Asperiores ipsa ipsum sequi id architecto. Hic qui omnis est nihil laudantium nesciunt animi. Enim delectus minus quos.', 'dolorem', 0, NULL, '1986-10-20 04:20:46', '1998-04-22 13:06:03');
INSERT INTO `media` (`id`, `media_type_id`, `user_id`, `body`, `filename`, `size`, `metadata`, `created_at`, `updated_at`) VALUES ('16', '4', '223', 'Ipsam dolores quam est eaque voluptatum modi. Omnis sit ab ea earum.', 'aut', 295, NULL, '1973-11-03 12:58:42', '1994-06-29 04:48:08');
INSERT INTO `media` (`id`, `media_type_id`, `user_id`, `body`, `filename`, `size`, `metadata`, `created_at`, `updated_at`) VALUES ('17', '1', '224', 'Dolorem quaerat voluptatem quo eaque recusandae explicabo consequatur. Incidunt ratione deserunt et libero neque. Enim sit nobis quam porro nihil unde nemo impedit.', 'minima', 654025486, NULL, '2005-06-18 15:05:09', '2013-02-02 07:16:30');
INSERT INTO `media` (`id`, `media_type_id`, `user_id`, `body`, `filename`, `size`, `metadata`, `created_at`, `updated_at`) VALUES ('18', '2', '225', 'Unde vel est neque et expedita alias deleniti. Quo sint praesentium officiis atque in dolore iste eos. Expedita laudantium quisquam non neque quis qui. Ratione in quo aut ipsam voluptatum delectus. Et quaerat culpa odio soluta.', 'quia', 0, NULL, '1983-02-25 21:29:18', '1983-04-20 10:37:51');
INSERT INTO `media` (`id`, `media_type_id`, `user_id`, `body`, `filename`, `size`, `metadata`, `created_at`, `updated_at`) VALUES ('19', '3', '226', 'Animi atque qui amet aliquam reiciendis earum. Adipisci itaque sit velit. Est officiis perferendis earum illo.', 'voluptas', 73817, NULL, '2013-02-21 15:53:25', '2013-03-01 17:43:03');
INSERT INTO `media` (`id`, `media_type_id`, `user_id`, `body`, `filename`, `size`, `metadata`, `created_at`, `updated_at`) VALUES ('20', '4', '227', 'Omnis ipsam reprehenderit ad iste et. Esse neque ullam necessitatibus illo. Delectus saepe eum illo quis harum numquam. Qui deserunt molestias incidunt nam delectus maxime.', 'facilis', 2218, NULL, '1973-06-01 12:53:45', '1997-12-04 03:56:02');
INSERT INTO `media` (`id`, `media_type_id`, `user_id`, `body`, `filename`, `size`, `metadata`, `created_at`, `updated_at`) VALUES ('21', '1', '228', 'Itaque dolor ratione voluptas expedita voluptatibus. Quia nesciunt necessitatibus quia corrupti sit dolore. Voluptas necessitatibus nihil et voluptatem.', 'quae', 62753, NULL, '1992-07-31 11:58:43', '1973-06-07 19:34:21');
INSERT INTO `media` (`id`, `media_type_id`, `user_id`, `body`, `filename`, `size`, `metadata`, `created_at`, `updated_at`) VALUES ('22', '2', '229', 'Rerum vero et explicabo molestias omnis laboriosam. Vel vel est ut illo praesentium modi nobis omnis.', 'et', 1, NULL, '2011-03-15 04:27:50', '1981-05-17 00:42:40');
INSERT INTO `media` (`id`, `media_type_id`, `user_id`, `body`, `filename`, `size`, `metadata`, `created_at`, `updated_at`) VALUES ('23', '3', '230', 'Harum aut repellat sapiente voluptatum distinctio maxime provident. Qui et ipsam maxime eaque velit. Tempore et occaecati facilis eos. Dolores odio non suscipit eaque quia quod doloribus quo.', 'beatae', 4302, NULL, '2019-11-20 13:13:30', '2007-03-06 06:40:46');
INSERT INTO `media` (`id`, `media_type_id`, `user_id`, `body`, `filename`, `size`, `metadata`, `created_at`, `updated_at`) VALUES ('24', '4', '231', 'Doloremque nobis occaecati asperiores aliquid similique. Expedita in cumque eaque vero et amet consequatur et. Earum aut velit exercitationem consequatur vitae est.', 'perferendis', 517, NULL, '1991-04-24 08:01:07', '2006-09-03 01:33:51');
INSERT INTO `media` (`id`, `media_type_id`, `user_id`, `body`, `filename`, `size`, `metadata`, `created_at`, `updated_at`) VALUES ('25', '1', '233', 'Similique labore molestias voluptas voluptas dicta delectus et. Deserunt nulla rem veritatis tenetur sed et perferendis harum. Sint quidem ex mollitia voluptate.', 'perspiciatis', 35707975, NULL, '1989-10-10 23:39:25', '2009-03-31 21:00:39');
INSERT INTO `media` (`id`, `media_type_id`, `user_id`, `body`, `filename`, `size`, `metadata`, `created_at`, `updated_at`) VALUES ('26', '2', '235', 'Sequi assumenda voluptate nihil molestiae. Hic adipisci quae ipsa tenetur culpa. Magnam sapiente animi quia ratione. Deserunt ullam maxime repellendus.', 'voluptatem', 14073, NULL, '2005-02-13 18:24:56', '2021-09-24 14:26:48');
INSERT INTO `media` (`id`, `media_type_id`, `user_id`, `body`, `filename`, `size`, `metadata`, `created_at`, `updated_at`) VALUES ('27', '3', '236', 'Qui iure ea aut id. Saepe soluta nihil quae animi nam necessitatibus incidunt. Aut ea iure est ad.', 'accusantium', 610776, NULL, '1971-10-19 07:26:12', '1999-01-29 02:19:49');
INSERT INTO `media` (`id`, `media_type_id`, `user_id`, `body`, `filename`, `size`, `metadata`, `created_at`, `updated_at`) VALUES ('28', '4', '239', 'Voluptas enim mollitia nostrum deleniti. Hic sunt similique minima asperiores aspernatur expedita vero. Aliquid animi consectetur eum. Est consequatur eveniet veniam qui.', 'nihil', 7554273, NULL, '2018-04-06 07:06:18', '2002-11-17 14:04:48');
INSERT INTO `media` (`id`, `media_type_id`, `user_id`, `body`, `filename`, `size`, `metadata`, `created_at`, `updated_at`) VALUES ('29', '1', '240', 'Commodi nihil aperiam beatae ut. Sed placeat eum est ad. Velit a consequuntur reiciendis est.', 'excepturi', 5, NULL, '1996-11-03 01:38:12', '1981-12-08 17:51:06');
INSERT INTO `media` (`id`, `media_type_id`, `user_id`, `body`, `filename`, `size`, `metadata`, `created_at`, `updated_at`) VALUES ('30', '2', '242', 'In distinctio tempore pariatur. Sunt voluptate sit sint placeat. Mollitia qui voluptates sit qui. Numquam quia iure occaecati explicabo.', 'sit', 0, NULL, '2008-04-16 15:06:02', '1999-03-16 23:47:26');
INSERT INTO `media` (`id`, `media_type_id`, `user_id`, `body`, `filename`, `size`, `metadata`, `created_at`, `updated_at`) VALUES ('31', '3', '245', 'Expedita aut assumenda tenetur quia ut fugiat omnis fuga. Architecto dolorum quam in provident eos ea sed. Consectetur blanditiis et est delectus quasi consequatur et.', 'harum', 249578, NULL, '1973-04-09 03:00:28', '1997-08-02 03:33:15');
INSERT INTO `media` (`id`, `media_type_id`, `user_id`, `body`, `filename`, `size`, `metadata`, `created_at`, `updated_at`) VALUES ('32', '4', '246', 'Voluptatem laudantium dolorem delectus molestiae rerum perferendis. Minus quas deleniti molestiae eligendi. Modi quod unde maiores est eum impedit. Ratione quia quae sit veritatis ut est tempore.', 'explicabo', 985, NULL, '2020-01-17 16:16:01', '1983-02-12 01:31:52');
INSERT INTO `media` (`id`, `media_type_id`, `user_id`, `body`, `filename`, `size`, `metadata`, `created_at`, `updated_at`) VALUES ('33', '1', '248', 'Sunt vero ea maiores labore quisquam. Ex mollitia nostrum ullam. Beatae ut amet eligendi ut quasi ut culpa. Ab eos voluptas ut et commodi.', 'omnis', 2207, NULL, '1988-11-04 10:02:56', '2018-09-23 17:10:19');
INSERT INTO `media` (`id`, `media_type_id`, `user_id`, `body`, `filename`, `size`, `metadata`, `created_at`, `updated_at`) VALUES ('34', '2', '249', 'Et ex quis molestiae eius. In animi tempora tempora qui. Animi illum consequatur quis ut.', 'neque', 36, NULL, '1984-08-12 17:40:44', '2002-03-27 02:55:38');
INSERT INTO `media` (`id`, `media_type_id`, `user_id`, `body`, `filename`, `size`, `metadata`, `created_at`, `updated_at`) VALUES ('35', '3', '251', 'Eligendi est et et dolores. Dolores omnis amet rem ut voluptas velit iste odit. Eum omnis consequatur quas tempore quidem ut dolor neque. Qui assumenda minus atque.', 'consectetur', 8, NULL, '1989-01-25 22:53:04', '1997-11-29 10:35:14');
INSERT INTO `media` (`id`, `media_type_id`, `user_id`, `body`, `filename`, `size`, `metadata`, `created_at`, `updated_at`) VALUES ('36', '4', '252', 'Excepturi quae odit commodi sapiente numquam debitis voluptatum. Non corrupti consectetur dolores officiis eius sit perferendis. Autem autem nam iure accusamus iste ex.', 'nesciunt', 866495689, NULL, '2021-03-12 13:14:49', '1971-01-04 11:34:43');
INSERT INTO `media` (`id`, `media_type_id`, `user_id`, `body`, `filename`, `size`, `metadata`, `created_at`, `updated_at`) VALUES ('37', '1', '253', 'Mollitia sit qui porro eveniet autem repudiandae doloribus. Laudantium sint dolorem sint voluptate. Corporis iusto vel id aut rerum velit qui vero.', 'et', 405, NULL, '2006-03-07 14:18:28', '2022-05-29 15:55:09');
INSERT INTO `media` (`id`, `media_type_id`, `user_id`, `body`, `filename`, `size`, `metadata`, `created_at`, `updated_at`) VALUES ('38', '2', '254', 'Nobis molestiae amet ad reiciendis. Eligendi qui culpa ipsum amet. Voluptatem et minima tenetur.', 'earum', 0, NULL, '2007-12-30 09:15:30', '2009-11-13 14:32:15');
INSERT INTO `media` (`id`, `media_type_id`, `user_id`, `body`, `filename`, `size`, `metadata`, `created_at`, `updated_at`) VALUES ('39', '3', '255', 'Adipisci amet veniam delectus voluptas ad accusantium aperiam. Natus animi tempore illo dolor. Animi qui ut officiis eaque aut explicabo.', 'ducimus', 906813360, NULL, '1992-11-09 12:53:29', '2000-07-22 09:13:05');
INSERT INTO `media` (`id`, `media_type_id`, `user_id`, `body`, `filename`, `size`, `metadata`, `created_at`, `updated_at`) VALUES ('40', '4', '257', 'Esse non dolorem animi aliquam molestias. Excepturi voluptatum porro non. Pariatur odio ipsam voluptatem. Quisquam voluptate laudantium et adipisci atque.', 'ex', 484538274, NULL, '2018-03-06 03:37:01', '2004-06-03 00:52:44');
INSERT INTO `media` (`id`, `media_type_id`, `user_id`, `body`, `filename`, `size`, `metadata`, `created_at`, `updated_at`) VALUES ('41', '1', '258', 'Officia id perspiciatis porro neque possimus aut. Et praesentium quod sed et. Eligendi doloremque reprehenderit magni minus delectus. Non maiores qui corrupti voluptas modi eius eos.', 'voluptas', 8357064, NULL, '2003-10-15 16:15:53', '1979-12-08 10:10:46');
INSERT INTO `media` (`id`, `media_type_id`, `user_id`, `body`, `filename`, `size`, `metadata`, `created_at`, `updated_at`) VALUES ('42', '2', '259', 'Fugiat eos dignissimos et dolorem incidunt molestiae iusto. Rerum cupiditate voluptates ea quas quo ipsum est. Voluptatem quasi fugit voluptatem ratione. Commodi recusandae accusantium perspiciatis quis provident nostrum.', 'ut', 8868512, NULL, '1981-01-06 05:15:18', '2005-08-08 04:30:12');
INSERT INTO `media` (`id`, `media_type_id`, `user_id`, `body`, `filename`, `size`, `metadata`, `created_at`, `updated_at`) VALUES ('43', '3', '260', 'Veniam ut doloribus enim et rerum in. Quod ab aut recusandae fuga. Enim esse quo laudantium perferendis alias impedit odio. Non hic ipsa voluptas possimus illum.', 'accusantium', 630, NULL, '1991-04-25 05:06:12', '1995-03-27 14:39:20');
INSERT INTO `media` (`id`, `media_type_id`, `user_id`, `body`, `filename`, `size`, `metadata`, `created_at`, `updated_at`) VALUES ('44', '4', '263', 'Eligendi voluptas vel praesentium accusantium perspiciatis amet. Et qui rerum et nihil sed. Quia minima nulla asperiores facilis optio eum enim. Dolor corporis consequatur nihil quo animi.', 'perferendis', 584751, NULL, '2018-01-17 19:36:20', '2018-08-02 14:40:58');
INSERT INTO `media` (`id`, `media_type_id`, `user_id`, `body`, `filename`, `size`, `metadata`, `created_at`, `updated_at`) VALUES ('45', '1', '265', 'Rerum porro laboriosam eligendi reiciendis est doloremque ad. Voluptates voluptatum cum nam iure sint. Modi ullam quis modi non eius cum.', 'quis', 1, NULL, '1982-10-28 13:39:45', '2004-04-08 19:37:04');
INSERT INTO `media` (`id`, `media_type_id`, `user_id`, `body`, `filename`, `size`, `metadata`, `created_at`, `updated_at`) VALUES ('46', '2', '266', 'Quod eius impedit placeat odit. Facilis praesentium animi a numquam. Sed quidem aut doloremque ut. Et sunt atque repudiandae.', 'omnis', 400, NULL, '1984-06-30 04:39:27', '1979-03-14 02:23:16');
INSERT INTO `media` (`id`, `media_type_id`, `user_id`, `body`, `filename`, `size`, `metadata`, `created_at`, `updated_at`) VALUES ('47', '3', '268', 'Eaque soluta perferendis quasi aut aut aut sed. Consequuntur animi sint consequatur iusto vero voluptatem. Ut totam et provident velit est expedita aut. Numquam aliquam cumque voluptatem autem distinctio.', 'labore', 1657126, NULL, '1983-08-07 02:05:47', '2016-12-28 13:00:31');
INSERT INTO `media` (`id`, `media_type_id`, `user_id`, `body`, `filename`, `size`, `metadata`, `created_at`, `updated_at`) VALUES ('48', '4', '269', 'Autem provident eum ut quaerat. Odit dolor molestiae voluptas corrupti ullam aliquam eaque. Commodi sunt aut praesentium rerum quae voluptate.', 'iusto', 728897714, NULL, '1970-05-08 05:38:25', '1988-05-02 18:56:56');
INSERT INTO `media` (`id`, `media_type_id`, `user_id`, `body`, `filename`, `size`, `metadata`, `created_at`, `updated_at`) VALUES ('49', '1', '270', 'Molestias magni distinctio ad qui. Sunt nemo et aliquam. Asperiores similique nobis omnis. Suscipit consequatur et est fugiat.', 'sunt', 21, NULL, '1994-07-02 21:32:19', '2012-05-19 10:30:18');
INSERT INTO `media` (`id`, `media_type_id`, `user_id`, `body`, `filename`, `size`, `metadata`, `created_at`, `updated_at`) VALUES ('50', '2', '275', 'Odio vel similique est occaecati rerum. Ut id aperiam illum delectus quo rerum perferendis. Aperiam aperiam blanditiis ex rerum eos omnis suscipit.', 'natus', 709187, NULL, '2020-09-13 23:31:25', '1981-02-14 15:55:09');
INSERT INTO `media` (`id`, `media_type_id`, `user_id`, `body`, `filename`, `size`, `metadata`, `created_at`, `updated_at`) VALUES ('51', '3', '276', 'Libero ut quo suscipit ipsa ullam quia. Molestiae iure quasi saepe at. Qui quis eos atque necessitatibus quia quisquam iure et.', 'cum', 16212136, NULL, '1978-01-26 12:39:39', '1971-02-04 02:36:54');
INSERT INTO `media` (`id`, `media_type_id`, `user_id`, `body`, `filename`, `size`, `metadata`, `created_at`, `updated_at`) VALUES ('52', '4', '277', 'Sit architecto quisquam commodi vel earum. Vero natus suscipit dolore voluptatem in. Occaecati nam et rem. Est eveniet ut ut blanditiis eos eligendi.', 'ut', 109145, NULL, '2001-09-27 05:40:32', '1986-08-26 23:11:47');
INSERT INTO `media` (`id`, `media_type_id`, `user_id`, `body`, `filename`, `size`, `metadata`, `created_at`, `updated_at`) VALUES ('53', '1', '278', 'Alias veniam harum rerum iste. Ducimus eligendi et qui commodi voluptas sit distinctio. Repudiandae excepturi vitae explicabo dolorem non.', 'distinctio', 12304335, NULL, '2019-05-04 13:37:49', '1985-05-30 21:17:48');
INSERT INTO `media` (`id`, `media_type_id`, `user_id`, `body`, `filename`, `size`, `metadata`, `created_at`, `updated_at`) VALUES ('54', '2', '279', 'Eaque repellat quo et omnis consectetur non. Nam a corporis qui quod similique earum. Aut nihil vel quasi ut quaerat aliquam ab.', 'in', 304, NULL, '2010-02-28 23:31:52', '2003-03-09 13:17:00');
INSERT INTO `media` (`id`, `media_type_id`, `user_id`, `body`, `filename`, `size`, `metadata`, `created_at`, `updated_at`) VALUES ('55', '3', '281', 'Neque recusandae aut dignissimos eos. Voluptatem repellendus rem omnis quo fugiat. Animi qui autem nihil odit repellat asperiores ratione.', 'deserunt', 17773, NULL, '1980-09-02 09:21:02', '1984-10-31 14:56:06');
INSERT INTO `media` (`id`, `media_type_id`, `user_id`, `body`, `filename`, `size`, `metadata`, `created_at`, `updated_at`) VALUES ('56', '4', '282', 'Harum sapiente sunt enim sit suscipit reiciendis hic. Eveniet nisi fugiat maiores quo modi. Velit ab sint eveniet in voluptate maxime voluptas quaerat. Est eligendi et unde voluptatibus. Sit autem sed omnis sunt doloremque tempora maiores rerum.', 'repellat', 463381261, NULL, '2010-04-26 07:05:01', '1984-01-07 08:49:03');
INSERT INTO `media` (`id`, `media_type_id`, `user_id`, `body`, `filename`, `size`, `metadata`, `created_at`, `updated_at`) VALUES ('57', '1', '283', 'Saepe odio harum reprehenderit molestiae vitae mollitia. Quasi corporis quae nemo aliquid consequatur corrupti voluptatem. Quasi provident et iste. Autem ipsam rerum doloribus velit voluptas expedita. Ullam maiores maiores quod ipsa alias.', 'aut', 0, NULL, '2016-12-05 03:03:46', '1988-01-24 08:58:11');
INSERT INTO `media` (`id`, `media_type_id`, `user_id`, `body`, `filename`, `size`, `metadata`, `created_at`, `updated_at`) VALUES ('58', '2', '284', 'Est est eum nam rerum eum consequuntur corrupti neque. Nihil quia fugiat perferendis sit nobis placeat dignissimos. Quo ea molestiae sunt autem quasi neque nisi. Eos nulla mollitia velit autem in veritatis odit.', 'quaerat', 9053155, NULL, '2002-01-23 15:22:51', '2004-06-28 13:35:27');
INSERT INTO `media` (`id`, `media_type_id`, `user_id`, `body`, `filename`, `size`, `metadata`, `created_at`, `updated_at`) VALUES ('59', '3', '285', 'Eligendi animi molestias amet culpa voluptate. Quia nesciunt quas eos mollitia. Fuga enim ipsum ipsam velit omnis molestiae mollitia dolores.', 'et', 77938, NULL, '1985-03-03 02:51:14', '1999-02-18 16:14:19');
INSERT INTO `media` (`id`, `media_type_id`, `user_id`, `body`, `filename`, `size`, `metadata`, `created_at`, `updated_at`) VALUES ('60', '4', '286', 'Ut quaerat mollitia atque autem ex repellendus quas tenetur. Qui eius necessitatibus a vel ut. In et est quia in rerum earum est.', 'est', 811789699, NULL, '1971-05-31 09:10:54', '1998-08-13 22:21:37');
INSERT INTO `media` (`id`, `media_type_id`, `user_id`, `body`, `filename`, `size`, `metadata`, `created_at`, `updated_at`) VALUES ('61', '1', '287', 'Autem nobis dolore facilis vel sit. Quod numquam alias laboriosam laboriosam quo. Porro distinctio consequatur repellendus itaque ut harum aliquid. Optio veritatis numquam veniam sunt omnis.', 'fuga', 0, NULL, '2009-07-06 03:25:43', '1970-12-25 06:58:53');
INSERT INTO `media` (`id`, `media_type_id`, `user_id`, `body`, `filename`, `size`, `metadata`, `created_at`, `updated_at`) VALUES ('62', '2', '288', 'Eligendi et quo reiciendis. Atque dolorem consequuntur saepe iusto. Non cumque assumenda quod molestias.', 'vitae', 4, NULL, '2014-05-16 10:23:29', '1995-11-26 15:53:53');
INSERT INTO `media` (`id`, `media_type_id`, `user_id`, `body`, `filename`, `size`, `metadata`, `created_at`, `updated_at`) VALUES ('63', '3', '290', 'Voluptatum numquam consequatur animi aut. Nihil optio expedita dolorem et ipsum. Explicabo quia asperiores accusamus voluptate. Voluptas sint vel quaerat in numquam nam voluptatem exercitationem.', 'fugiat', 0, NULL, '2005-04-07 23:15:45', '1975-02-28 21:27:02');
INSERT INTO `media` (`id`, `media_type_id`, `user_id`, `body`, `filename`, `size`, `metadata`, `created_at`, `updated_at`) VALUES ('64', '4', '291', 'Ut qui necessitatibus quo voluptatem rerum ipsa. Blanditiis cum natus ut qui. Facere expedita facere exercitationem quo aspernatur quia voluptatem. Quis ut sint ut eius soluta et.', 'quo', 2419, NULL, '1976-03-30 23:51:11', '1999-07-18 08:54:59');
INSERT INTO `media` (`id`, `media_type_id`, `user_id`, `body`, `filename`, `size`, `metadata`, `created_at`, `updated_at`) VALUES ('65', '1', '292', 'Veritatis atque hic consequatur quia consequatur dolore ad. Ut perferendis laudantium consequatur. Sit sed odit sunt et.', 'deleniti', 0, NULL, '2009-07-10 15:29:39', '1971-11-01 08:32:29');
INSERT INTO `media` (`id`, `media_type_id`, `user_id`, `body`, `filename`, `size`, `metadata`, `created_at`, `updated_at`) VALUES ('66', '2', '293', 'Dolorem recusandae veritatis officia accusamus ipsam ea. Sit consequuntur ipsum voluptates illum vel fuga. Temporibus qui modi rerum. Laudantium ut saepe assumenda ipsam quam quis. Aut aut omnis itaque.', 'ut', 12, NULL, '2019-07-04 12:32:45', '1983-07-08 20:20:37');
INSERT INTO `media` (`id`, `media_type_id`, `user_id`, `body`, `filename`, `size`, `metadata`, `created_at`, `updated_at`) VALUES ('67', '3', '294', 'Laboriosam excepturi alias omnis ipsa iste. Tempore voluptatum sit odit sit saepe modi. Aut velit veritatis quam quo quae quisquam. Quo enim consequatur quod quia qui.', 'qui', 50, NULL, '2007-02-20 17:43:18', '1992-02-01 00:11:33');
INSERT INTO `media` (`id`, `media_type_id`, `user_id`, `body`, `filename`, `size`, `metadata`, `created_at`, `updated_at`) VALUES ('68', '4', '295', 'Voluptatem dignissimos soluta fugiat est est. Iure consectetur laboriosam ratione repudiandae voluptatibus aliquam blanditiis.', 'ut', 1477424, NULL, '2012-04-04 11:09:56', '1994-06-04 12:35:27');
INSERT INTO `media` (`id`, `media_type_id`, `user_id`, `body`, `filename`, `size`, `metadata`, `created_at`, `updated_at`) VALUES ('69', '1', '296', 'Eum quasi ad laboriosam rerum. Dolore sunt dolorum autem provident consequatur voluptatem. Consequatur ex cumque est. Veritatis dolorem in ab cumque et illo porro.', 'provident', 8, NULL, '2003-04-08 10:58:53', '1995-05-15 22:25:38');
INSERT INTO `media` (`id`, `media_type_id`, `user_id`, `body`, `filename`, `size`, `metadata`, `created_at`, `updated_at`) VALUES ('70', '2', '297', 'Dolore repudiandae pariatur deleniti explicabo non eius. Molestiae ut maiores sequi qui sint doloribus. Velit cupiditate consectetur quia architecto dolorem ullam quidem.', 'nostrum', 90, NULL, '2010-03-14 17:23:48', '2009-03-23 23:15:16');
INSERT INTO `media` (`id`, `media_type_id`, `user_id`, `body`, `filename`, `size`, `metadata`, `created_at`, `updated_at`) VALUES ('71', '3', '298', 'Vel mollitia quia sunt. Et dolores ab provident possimus. Suscipit ab est tempore et consectetur temporibus.', 'nihil', 3, NULL, '1998-09-07 16:37:34', '1991-07-27 05:29:37');
INSERT INTO `media` (`id`, `media_type_id`, `user_id`, `body`, `filename`, `size`, `metadata`, `created_at`, `updated_at`) VALUES ('72', '4', '299', 'Non minima labore nulla deleniti et quis. Asperiores nostrum et ipsum.', 'repellendus', 88682, NULL, '2012-04-09 20:38:12', '1997-07-22 19:49:24');
INSERT INTO `media` (`id`, `media_type_id`, `user_id`, `body`, `filename`, `size`, `metadata`, `created_at`, `updated_at`) VALUES ('73', '1', '301', 'Dolor odio ad perspiciatis eum necessitatibus voluptas. Ex possimus qui qui aliquid sed. Repellat eligendi odit accusamus sit sint.', 'et', 945, NULL, '1973-10-03 04:20:26', '2014-06-20 14:49:14');
INSERT INTO `media` (`id`, `media_type_id`, `user_id`, `body`, `filename`, `size`, `metadata`, `created_at`, `updated_at`) VALUES ('74', '2', '305', 'Beatae qui maxime in quo harum perspiciatis inventore. Id quasi sed eum odit. Ut exercitationem deleniti ut et.', 'aut', 6233, NULL, '2013-02-26 01:03:14', '1976-10-06 16:32:33');
INSERT INTO `media` (`id`, `media_type_id`, `user_id`, `body`, `filename`, `size`, `metadata`, `created_at`, `updated_at`) VALUES ('75', '3', '306', 'Enim nihil consequatur maxime quis et nulla nesciunt. Inventore quaerat accusamus ea vel excepturi dolorem omnis. Et vel mollitia voluptas quod assumenda id. In architecto molestiae aut.', 'voluptatem', 80, NULL, '1976-12-01 23:42:55', '1999-10-15 15:45:50');
INSERT INTO `media` (`id`, `media_type_id`, `user_id`, `body`, `filename`, `size`, `metadata`, `created_at`, `updated_at`) VALUES ('76', '4', '307', 'Est accusantium ad et ducimus qui commodi dolores. Tenetur voluptas qui id. Est reprehenderit ipsam porro voluptatem sequi est dolor nulla. Nesciunt quod at quos aperiam vel. Doloribus magni facilis ut.', 'facilis', 77, NULL, '1977-07-22 03:14:47', '1996-06-30 11:50:40');
INSERT INTO `media` (`id`, `media_type_id`, `user_id`, `body`, `filename`, `size`, `metadata`, `created_at`, `updated_at`) VALUES ('77', '1', '309', 'Doloribus delectus sed aliquam incidunt aut soluta. Earum optio et rerum sed. Laborum neque velit ut eum rerum accusamus adipisci vitae.', 'sit', 96, NULL, '1986-01-17 00:49:59', '1997-09-22 02:16:46');
INSERT INTO `media` (`id`, `media_type_id`, `user_id`, `body`, `filename`, `size`, `metadata`, `created_at`, `updated_at`) VALUES ('78', '2', '313', 'Repellat omnis sequi modi. Excepturi dolore totam expedita itaque ducimus deleniti. Expedita dolores aut quisquam eos exercitationem iure repellat fugiat. Dolore alias nesciunt vero qui officiis dicta veniam.', 'commodi', 2985814, NULL, '2012-03-27 18:19:38', '1993-10-01 04:03:33');
INSERT INTO `media` (`id`, `media_type_id`, `user_id`, `body`, `filename`, `size`, `metadata`, `created_at`, `updated_at`) VALUES ('79', '3', '314', 'Neque consectetur sapiente nam est totam ea vel. Eveniet voluptatibus id voluptas id blanditiis accusamus qui iste. Delectus assumenda aut labore dignissimos. Cupiditate ipsum quas rerum debitis sequi.', 'numquam', 760206, NULL, '1981-11-03 09:47:08', '2002-06-15 03:13:28');
INSERT INTO `media` (`id`, `media_type_id`, `user_id`, `body`, `filename`, `size`, `metadata`, `created_at`, `updated_at`) VALUES ('80', '4', '316', 'Cum rerum non aut. Qui qui aut expedita omnis voluptas. Consequatur at reiciendis voluptatum totam ipsum.', 'numquam', 62809, NULL, '1981-03-07 10:08:15', '1988-09-14 18:26:58');
INSERT INTO `media` (`id`, `media_type_id`, `user_id`, `body`, `filename`, `size`, `metadata`, `created_at`, `updated_at`) VALUES ('81', '1', '318', 'Fugiat eos saepe rem aut ut vero cupiditate amet. Quia consequatur omnis debitis dolorum vero cumque. Est optio consequatur earum voluptatum. Modi sunt id omnis. Tenetur quibusdam autem soluta.', 'a', 43631, NULL, '2003-10-09 04:24:30', '1981-12-17 00:06:50');
INSERT INTO `media` (`id`, `media_type_id`, `user_id`, `body`, `filename`, `size`, `metadata`, `created_at`, `updated_at`) VALUES ('82', '2', '319', 'Sequi tenetur laboriosam ab corrupti praesentium quo necessitatibus soluta. Tempora hic illum quasi ipsam error enim et. Ut est ut in eaque sit vitae nihil ut. Eligendi magni aut et optio porro sint.', 'repellendus', 319033, NULL, '2011-07-18 07:21:31', '1995-04-11 12:29:25');
INSERT INTO `media` (`id`, `media_type_id`, `user_id`, `body`, `filename`, `size`, `metadata`, `created_at`, `updated_at`) VALUES ('83', '3', '320', 'Nostrum eaque voluptas ex quae magni repudiandae. Enim accusantium mollitia esse quo rem ullam est. Autem aut dolore facere cumque iste fuga. Sint repellendus vitae itaque corrupti quaerat sit quae.', 'eligendi', 46945, NULL, '1971-11-30 08:44:54', '1993-05-29 07:39:04');
INSERT INTO `media` (`id`, `media_type_id`, `user_id`, `body`, `filename`, `size`, `metadata`, `created_at`, `updated_at`) VALUES ('84', '4', '321', 'Ab est vitae inventore facere illum id. A quis animi possimus. Sint reiciendis numquam aperiam ea.', 'quo', 62032, NULL, '1983-04-24 07:38:29', '1974-09-20 07:18:16');
INSERT INTO `media` (`id`, `media_type_id`, `user_id`, `body`, `filename`, `size`, `metadata`, `created_at`, `updated_at`) VALUES ('85', '1', '323', 'Assumenda non repudiandae reiciendis porro sunt magni. Velit dolores quis sit deleniti facilis voluptatibus neque. Sunt et exercitationem hic nihil aut laudantium quia.', 'impedit', 57500515, NULL, '1991-05-15 15:14:57', '1983-11-02 14:33:25');
INSERT INTO `media` (`id`, `media_type_id`, `user_id`, `body`, `filename`, `size`, `metadata`, `created_at`, `updated_at`) VALUES ('86', '2', '324', 'Ipsum ipsum suscipit perferendis eligendi odio perspiciatis aut. Magnam iure sit qui autem et.', 'beatae', 2888, NULL, '1980-01-16 15:39:12', '1982-02-16 15:46:29');
INSERT INTO `media` (`id`, `media_type_id`, `user_id`, `body`, `filename`, `size`, `metadata`, `created_at`, `updated_at`) VALUES ('87', '3', '325', 'Est voluptatem repellat rerum qui id. Aperiam tenetur numquam exercitationem. Dolorem sed magni saepe libero.', 'itaque', 71, NULL, '1997-10-30 21:48:40', '1993-05-11 19:22:52');
INSERT INTO `media` (`id`, `media_type_id`, `user_id`, `body`, `filename`, `size`, `metadata`, `created_at`, `updated_at`) VALUES ('88', '4', '327', 'Assumenda tempore corporis aut. Molestiae delectus omnis vero ut ut qui nulla. Ducimus ut eveniet veniam sed saepe et dolore autem. Aut et illo rerum dolorem nam dolores.', 'dignissimos', 680, NULL, '2012-02-05 17:00:04', '2008-01-10 16:19:52');
INSERT INTO `media` (`id`, `media_type_id`, `user_id`, `body`, `filename`, `size`, `metadata`, `created_at`, `updated_at`) VALUES ('89', '1', '328', 'Harum consequatur quam itaque aut nisi quos. Excepturi dolorem quibusdam consectetur enim magni ut et cumque. Assumenda ex eligendi et. Velit et iusto recusandae corrupti voluptatum. Quia et nam corporis ducimus autem eveniet.', 'mollitia', 3415, NULL, '2022-06-05 18:38:41', '1975-02-20 20:51:08');
INSERT INTO `media` (`id`, `media_type_id`, `user_id`, `body`, `filename`, `size`, `metadata`, `created_at`, `updated_at`) VALUES ('90', '2', '330', 'Nobis quia cupiditate sit non laboriosam enim nesciunt enim. Accusamus non recusandae et tenetur quis aut. Nostrum quis quae exercitationem voluptatum ea consequatur.', 'temporibus', 21465036, NULL, '1997-02-21 22:15:12', '2009-09-02 14:19:13');
INSERT INTO `media` (`id`, `media_type_id`, `user_id`, `body`, `filename`, `size`, `metadata`, `created_at`, `updated_at`) VALUES ('91', '3', '331', 'Fugit optio consequatur consequatur velit laboriosam. Dolor accusamus commodi odit repudiandae recusandae tenetur. Quo recusandae id eum sint.', 'debitis', 0, NULL, '2021-04-24 08:16:42', '2019-03-20 18:32:00');
INSERT INTO `media` (`id`, `media_type_id`, `user_id`, `body`, `filename`, `size`, `metadata`, `created_at`, `updated_at`) VALUES ('92', '4', '332', 'Recusandae non omnis eaque quos. Qui illum officiis ullam. Dolore id eaque nobis accusamus. Repudiandae soluta corrupti deleniti ut dolorem vero.', 'id', 5896472, NULL, '2016-09-04 11:48:19', '1979-09-27 04:15:54');
INSERT INTO `media` (`id`, `media_type_id`, `user_id`, `body`, `filename`, `size`, `metadata`, `created_at`, `updated_at`) VALUES ('93', '1', '333', 'Est rerum officia dolores ea nobis ea. Aspernatur sunt ex molestias quisquam hic. Libero enim aut dolores dolor maxime. Ullam cum sint est mollitia id quae qui voluptatem.', 'voluptates', 3, NULL, '1991-07-08 17:49:30', '1997-06-30 16:16:46');
INSERT INTO `media` (`id`, `media_type_id`, `user_id`, `body`, `filename`, `size`, `metadata`, `created_at`, `updated_at`) VALUES ('94', '2', '335', 'Voluptas consectetur est itaque est facere voluptas excepturi officia. Repellat corporis explicabo corporis delectus. Porro assumenda quia vel dolorem est.', 'nesciunt', 84, NULL, '2021-09-27 01:11:20', '1980-07-04 10:33:36');
INSERT INTO `media` (`id`, `media_type_id`, `user_id`, `body`, `filename`, `size`, `metadata`, `created_at`, `updated_at`) VALUES ('95', '3', '336', 'Nisi voluptas in dolorem iusto minima enim. Autem et dolores sequi asperiores velit autem ut. Sed explicabo explicabo doloribus porro. Velit ut accusantium eum enim explicabo et.', 'quas', 6, NULL, '1973-04-25 00:48:17', '2001-06-02 20:18:44');
INSERT INTO `media` (`id`, `media_type_id`, `user_id`, `body`, `filename`, `size`, `metadata`, `created_at`, `updated_at`) VALUES ('96', '4', '337', 'Blanditiis sit recusandae sit est qui tempore. Et est culpa quia modi cum repellat est. Quidem quis voluptates rerum quas sed.', 'cum', 186041464, NULL, '2013-04-20 04:27:47', '1972-12-15 09:59:38');
INSERT INTO `media` (`id`, `media_type_id`, `user_id`, `body`, `filename`, `size`, `metadata`, `created_at`, `updated_at`) VALUES ('97', '1', '341', 'Illo facere aut aut accusantium. Illum quaerat alias neque provident architecto quia vel. Inventore dolores ducimus placeat soluta.', 'neque', 0, NULL, '2004-09-12 09:32:36', '1991-09-03 22:03:29');
INSERT INTO `media` (`id`, `media_type_id`, `user_id`, `body`, `filename`, `size`, `metadata`, `created_at`, `updated_at`) VALUES ('98', '2', '343', 'Tempore repellat dolor alias quo molestias. Et nostrum quis et porro. Quos voluptatem esse natus vitae.', 'sunt', 1, NULL, '1996-06-01 14:28:26', '1989-08-31 11:39:43');
INSERT INTO `media` (`id`, `media_type_id`, `user_id`, `body`, `filename`, `size`, `metadata`, `created_at`, `updated_at`) VALUES ('99', '3', '345', 'Eligendi nam voluptas eum possimus blanditiis rerum harum. Expedita inventore voluptas dignissimos ducimus quaerat maxime.', 'sit', 781531, NULL, '1974-04-08 03:15:52', '1976-07-20 16:42:09');
INSERT INTO `media` (`id`, `media_type_id`, `user_id`, `body`, `filename`, `size`, `metadata`, `created_at`, `updated_at`) VALUES ('100', '4', '348', 'Ducimus nesciunt maiores aut corrupti optio. Saepe magnam qui et placeat illum quo. Error ratione cumque dolores aperiam quis quod facere omnis. Sed praesentium repudiandae eum minus et hic recusandae veniam. Atque quae assumenda eaque nobis dignissimos.', 'sunt', 2035, NULL, '2017-04-03 07:47:51', '1990-11-28 11:06:06');


#
# TABLE STRUCTURE FOR: media_types
#

DROP TABLE IF EXISTS `media_types`;

CREATE TABLE `media_types` (
  `id` bigint(20) unsigned NOT NULL AUTO_INCREMENT,
  `name` varchar(255) COLLATE utf8mb4_unicode_ci DEFAULT NULL,
  `created_at` datetime DEFAULT current_timestamp(),
  `updated_at` datetime DEFAULT NULL ON UPDATE current_timestamp(),
  UNIQUE KEY `id` (`id`)
) ENGINE=InnoDB AUTO_INCREMENT=5 DEFAULT CHARSET=utf8mb4 COLLATE=utf8mb4_unicode_ci;

INSERT INTO `media_types` (`id`, `name`, `created_at`, `updated_at`) VALUES ('1', 'commodi', '1995-04-28 17:54:28', '1976-05-08 04:58:53');
INSERT INTO `media_types` (`id`, `name`, `created_at`, `updated_at`) VALUES ('2', 'dolor', '1994-03-07 13:36:15', '1987-11-29 20:38:07');
INSERT INTO `media_types` (`id`, `name`, `created_at`, `updated_at`) VALUES ('3', 'ex', '1971-02-13 10:14:30', '1977-04-04 22:14:58');
INSERT INTO `media_types` (`id`, `name`, `created_at`, `updated_at`) VALUES ('4', 'aliquid', '1976-08-30 17:40:33', '2017-05-29 23:44:31');


#
# TABLE STRUCTURE FOR: messages
#

DROP TABLE IF EXISTS `messages`;

CREATE TABLE `messages` (
  `id` bigint(20) unsigned NOT NULL AUTO_INCREMENT,
  `from_user_id` bigint(20) unsigned NOT NULL,
  `to_user_id` bigint(20) unsigned NOT NULL,
  `body` text COLLATE utf8mb4_unicode_ci DEFAULT NULL,
  `created_at` datetime DEFAULT current_timestamp(),
  UNIQUE KEY `id` (`id`),
  KEY `from_user_id` (`from_user_id`),
  KEY `to_user_id` (`to_user_id`),
  CONSTRAINT `messages_ibfk_1` FOREIGN KEY (`from_user_id`) REFERENCES `users` (`id`),
  CONSTRAINT `messages_ibfk_2` FOREIGN KEY (`to_user_id`) REFERENCES `users` (`id`)
) ENGINE=InnoDB AUTO_INCREMENT=501 DEFAULT CHARSET=utf8mb4 COLLATE=utf8mb4_unicode_ci;

INSERT INTO `messages` (`id`, `from_user_id`, `to_user_id`, `body`, `created_at`) VALUES ('401', '201', '201', 'Eligendi cupiditate velit ut velit mollitia enim in. Eligendi recusandae ut consequatur at. Laborum et ut odio nesciunt.', '2007-03-29 11:10:03');
INSERT INTO `messages` (`id`, `from_user_id`, `to_user_id`, `body`, `created_at`) VALUES ('402', '202', '202', 'Vitae possimus quia ut velit eum eos consequatur. Laudantium odio fugiat illo voluptates nisi quis. Quia asperiores aperiam perspiciatis aut voluptatibus quo molestias. Provident voluptates dolor facere et modi rerum illum. Saepe officia ad hic vitae eos velit.', '2017-05-16 06:28:16');
INSERT INTO `messages` (`id`, `from_user_id`, `to_user_id`, `body`, `created_at`) VALUES ('403', '203', '203', 'Alias voluptatem quas quis et. Totam temporibus blanditiis sint dolores ut deleniti. Omnis rerum sapiente maxime velit atque.', '1981-08-26 21:15:54');
INSERT INTO `messages` (`id`, `from_user_id`, `to_user_id`, `body`, `created_at`) VALUES ('404', '205', '205', 'Non totam quos dolorem. Ab impedit est ea neque et voluptates quae. Sunt qui saepe veritatis dolorum possimus qui animi. Maiores ipsam quam et. Natus dolores eligendi est.', '1979-12-20 08:55:15');
INSERT INTO `messages` (`id`, `from_user_id`, `to_user_id`, `body`, `created_at`) VALUES ('405', '206', '206', 'Sed veniam corporis cupiditate reprehenderit et recusandae dignissimos. Eaque autem consequatur tempore nulla. Repellendus esse veniam consequatur porro fugit. Saepe quia dignissimos tempora vel eum. Sit totam velit iste doloribus atque.', '2006-04-06 01:06:16');
INSERT INTO `messages` (`id`, `from_user_id`, `to_user_id`, `body`, `created_at`) VALUES ('406', '210', '210', 'Placeat omnis culpa voluptatem quaerat cum voluptatum repellat. Est eaque explicabo autem consequatur. Nihil eligendi aut sequi velit voluptatem. Aspernatur accusamus alias perferendis velit. Omnis quis a nesciunt eaque sed aut nihil.', '1989-03-14 15:13:19');
INSERT INTO `messages` (`id`, `from_user_id`, `to_user_id`, `body`, `created_at`) VALUES ('407', '213', '213', 'Laudantium est rerum libero nam occaecati non quam. Reprehenderit suscipit ut dolore ipsam nulla eos. Sapiente quidem rerum autem dolor.', '1994-09-16 18:50:07');
INSERT INTO `messages` (`id`, `from_user_id`, `to_user_id`, `body`, `created_at`) VALUES ('408', '214', '214', 'Ut aut sequi quibusdam tempore magni natus repellendus. Maiores adipisci adipisci non recusandae. Accusantium voluptatibus quod aut omnis.', '2003-06-29 09:08:46');
INSERT INTO `messages` (`id`, `from_user_id`, `to_user_id`, `body`, `created_at`) VALUES ('409', '215', '215', 'In error sunt totam velit sit porro sit. Illum laudantium nulla tenetur ut et maiores velit id. Ratione mollitia natus et provident quos. Omnis qui eum aspernatur culpa. Est officiis omnis cupiditate temporibus molestiae eos consequuntur laboriosam.', '2008-04-10 19:30:32');
INSERT INTO `messages` (`id`, `from_user_id`, `to_user_id`, `body`, `created_at`) VALUES ('410', '216', '216', 'Vitae modi beatae quia id nostrum perspiciatis placeat. Impedit fugiat ad consequatur. Omnis provident fugit aperiam quisquam debitis ut repudiandae.', '2018-01-10 12:51:42');
INSERT INTO `messages` (`id`, `from_user_id`, `to_user_id`, `body`, `created_at`) VALUES ('411', '217', '217', 'Fugit quo nemo similique ut. Debitis quod possimus est natus molestias reiciendis. Rem atque accusantium et reiciendis voluptas pariatur et.', '1991-12-04 07:35:34');
INSERT INTO `messages` (`id`, `from_user_id`, `to_user_id`, `body`, `created_at`) VALUES ('412', '218', '218', 'Et tempora molestiae adipisci id earum quis. Quasi ad possimus amet sunt et eius aliquid. Suscipit sequi veritatis esse qui quia necessitatibus. Eaque laborum nam consequuntur exercitationem ab beatae et.', '2015-02-06 11:27:07');
INSERT INTO `messages` (`id`, `from_user_id`, `to_user_id`, `body`, `created_at`) VALUES ('413', '220', '220', 'Pariatur totam deleniti numquam aut quae. Non nihil dolorem quia dolores nesciunt rerum nobis. Autem autem eos nemo voluptas repudiandae eius. Et sed eius perferendis minima.', '1987-03-01 19:49:12');
INSERT INTO `messages` (`id`, `from_user_id`, `to_user_id`, `body`, `created_at`) VALUES ('414', '221', '221', 'Molestiae dolorum et laudantium ut laboriosam. Modi et unde omnis et expedita ipsam. Et autem quisquam quis alias asperiores. Labore voluptatem aut vitae qui ipsam sit.', '1976-12-22 14:31:22');
INSERT INTO `messages` (`id`, `from_user_id`, `to_user_id`, `body`, `created_at`) VALUES ('415', '222', '222', 'Qui et commodi laborum non. Sunt aut sunt perferendis dolorem. Vitae ut ullam quas veritatis tempora earum nesciunt.', '2010-04-02 02:12:22');
INSERT INTO `messages` (`id`, `from_user_id`, `to_user_id`, `body`, `created_at`) VALUES ('416', '223', '223', 'Temporibus neque rem aut aliquam assumenda dolor. Qui aut omnis nesciunt. Ea omnis consequatur fugit quis non possimus et. Ducimus distinctio dolores quod nihil laudantium quam dicta dicta. In quia consequatur dolore illo.', '2004-05-26 07:48:30');
INSERT INTO `messages` (`id`, `from_user_id`, `to_user_id`, `body`, `created_at`) VALUES ('417', '224', '224', 'Dolores illo deleniti eaque eos consequatur. Nulla nostrum molestiae doloribus libero. Porro voluptatum dolore rerum repellat aut ullam. Qui voluptate voluptatem facere est atque.', '2011-03-06 01:17:25');
INSERT INTO `messages` (`id`, `from_user_id`, `to_user_id`, `body`, `created_at`) VALUES ('418', '225', '225', 'Voluptas laborum sint consequatur temporibus inventore blanditiis ut autem. Non inventore quos dolorem. Fugiat aliquam dolores sint.', '2011-03-30 08:18:02');
INSERT INTO `messages` (`id`, `from_user_id`, `to_user_id`, `body`, `created_at`) VALUES ('419', '226', '226', 'Quia aut totam enim. Qui sed magnam blanditiis et. Sed est sed nihil rem sunt aut cum.', '1994-07-11 20:25:01');
INSERT INTO `messages` (`id`, `from_user_id`, `to_user_id`, `body`, `created_at`) VALUES ('420', '227', '227', 'Culpa non beatae explicabo. Omnis numquam natus blanditiis ducimus. Et laudantium molestias accusamus dolorem quod aut.', '1998-07-24 09:51:15');
INSERT INTO `messages` (`id`, `from_user_id`, `to_user_id`, `body`, `created_at`) VALUES ('421', '228', '228', 'Magni repellendus assumenda quia rerum aut. Fugit odit quaerat occaecati expedita quam tempore eius. Soluta et velit quia ducimus consequatur aut reprehenderit. Nihil unde tempore enim recusandae officia voluptatibus.', '1977-07-29 05:55:17');
INSERT INTO `messages` (`id`, `from_user_id`, `to_user_id`, `body`, `created_at`) VALUES ('422', '229', '229', 'Sed et iure excepturi facere non eaque aut. Id qui nulla accusamus facere est. Ratione eius quis quod voluptatibus doloribus porro. Ipsam aut ea dolore sit.', '2019-12-11 15:01:15');
INSERT INTO `messages` (`id`, `from_user_id`, `to_user_id`, `body`, `created_at`) VALUES ('423', '230', '230', 'Numquam quis ratione odit dolore velit eius. Inventore quia optio a quo eos. Consequatur quis consequuntur fugit rerum illo.', '1997-08-04 07:06:07');
INSERT INTO `messages` (`id`, `from_user_id`, `to_user_id`, `body`, `created_at`) VALUES ('424', '231', '231', 'Natus consequatur perspiciatis accusamus hic. Aut rerum velit consequuntur hic soluta tempore enim facere. Fugiat ipsum delectus aut soluta iste est itaque. Sit nulla tenetur reprehenderit.', '1975-08-23 10:40:44');
INSERT INTO `messages` (`id`, `from_user_id`, `to_user_id`, `body`, `created_at`) VALUES ('425', '233', '233', 'Quia velit impedit rerum pariatur dolores sed est. Laudantium debitis temporibus qui et sed fuga non modi. Veniam sit eius veritatis eos nulla. Accusantium occaecati delectus veniam porro ut.', '1996-03-04 04:51:42');
INSERT INTO `messages` (`id`, `from_user_id`, `to_user_id`, `body`, `created_at`) VALUES ('426', '235', '235', 'Nostrum est iusto nihil quia magni sint sequi ut. Laboriosam ut tempora odio ipsam quasi possimus architecto esse. Perferendis aut provident perferendis consequatur dolor. Illo minima corrupti aut ut autem et.', '1991-04-07 11:18:58');
INSERT INTO `messages` (`id`, `from_user_id`, `to_user_id`, `body`, `created_at`) VALUES ('427', '236', '236', 'Molestiae quis dolor molestias illo iusto commodi. Minus hic veritatis et quae adipisci eveniet. Sequi expedita est sit aut ad nisi. Sit aliquid et consectetur qui ratione.', '1974-02-05 10:51:41');
INSERT INTO `messages` (`id`, `from_user_id`, `to_user_id`, `body`, `created_at`) VALUES ('428', '239', '239', 'Laboriosam non quod dicta ad dignissimos adipisci. Ipsa consectetur et omnis assumenda repellat. Molestias et est et. Totam ut voluptas occaecati.', '1979-02-06 04:29:50');
INSERT INTO `messages` (`id`, `from_user_id`, `to_user_id`, `body`, `created_at`) VALUES ('429', '240', '240', 'Impedit nihil optio quod aut commodi perspiciatis inventore quo. Illo dolorem ducimus quis eius. Est id error aut.', '2022-02-21 17:23:39');
INSERT INTO `messages` (`id`, `from_user_id`, `to_user_id`, `body`, `created_at`) VALUES ('430', '242', '242', 'Consequatur in quo officiis consectetur esse optio ullam quo. Magnam exercitationem eligendi iste quisquam voluptatem. Dolorem sunt fuga laboriosam sapiente autem mollitia quibusdam.', '1976-06-28 23:15:28');
INSERT INTO `messages` (`id`, `from_user_id`, `to_user_id`, `body`, `created_at`) VALUES ('431', '245', '245', 'Facere laboriosam dicta quia laudantium sint omnis. Provident maxime deleniti quis debitis. Quod officia distinctio qui fugiat repudiandae ipsam ab. Autem et quia accusantium omnis quis perspiciatis.', '2020-04-10 15:40:54');
INSERT INTO `messages` (`id`, `from_user_id`, `to_user_id`, `body`, `created_at`) VALUES ('432', '246', '246', 'Autem impedit voluptatem perferendis. Deleniti assumenda enim modi iusto maiores distinctio. Culpa ipsa corrupti et eum sit ut est.', '2002-02-11 07:26:38');
INSERT INTO `messages` (`id`, `from_user_id`, `to_user_id`, `body`, `created_at`) VALUES ('433', '248', '248', 'Impedit sit iste ut libero quae dolores voluptatem similique. Eveniet molestiae odio debitis et nihil veritatis. Molestiae occaecati qui quis ad voluptates.', '1975-06-08 19:43:08');
INSERT INTO `messages` (`id`, `from_user_id`, `to_user_id`, `body`, `created_at`) VALUES ('434', '249', '249', 'Sit suscipit enim in et nam quisquam. Iste sit commodi saepe qui maxime ea. Et eum illo sit ut nesciunt.', '2007-06-12 09:25:21');
INSERT INTO `messages` (`id`, `from_user_id`, `to_user_id`, `body`, `created_at`) VALUES ('435', '251', '251', 'Nobis eius perspiciatis quod consequatur officia sequi. At corrupti totam dolorem neque. Repudiandae doloribus consectetur blanditiis consectetur.', '1994-04-09 01:57:18');
INSERT INTO `messages` (`id`, `from_user_id`, `to_user_id`, `body`, `created_at`) VALUES ('436', '252', '252', 'Qui architecto deserunt temporibus ratione ipsam sunt incidunt. Ut voluptate eos velit iure fuga quod distinctio vero. Nihil autem odio ea dolor nihil.', '1995-08-21 08:49:14');
INSERT INTO `messages` (`id`, `from_user_id`, `to_user_id`, `body`, `created_at`) VALUES ('437', '253', '253', 'Fuga omnis illo amet id sed itaque. Est quis nulla at vel voluptatibus quis. Deserunt possimus rerum minima quasi voluptates at.', '2008-10-17 21:58:47');
INSERT INTO `messages` (`id`, `from_user_id`, `to_user_id`, `body`, `created_at`) VALUES ('438', '254', '254', 'Ad earum id exercitationem inventore doloribus distinctio magnam cumque. Quaerat non omnis eveniet quo id maxime. Facilis animi id labore beatae et sapiente rem autem. Tenetur nesciunt doloribus pariatur at quia dolor ipsa.', '2021-04-09 23:33:39');
INSERT INTO `messages` (`id`, `from_user_id`, `to_user_id`, `body`, `created_at`) VALUES ('439', '255', '255', 'Veritatis provident optio perspiciatis ipsa sapiente. Sed dolor pariatur odio accusantium laborum et. Ut quasi excepturi vitae. Dolores maxime eligendi officiis aperiam cum quos.', '2008-08-07 18:26:58');
INSERT INTO `messages` (`id`, `from_user_id`, `to_user_id`, `body`, `created_at`) VALUES ('440', '257', '257', 'Iusto cum ipsum sit molestiae tempore. Qui voluptatum soluta culpa aut aperiam. Cumque facere dolorem vero dignissimos nisi. Blanditiis sed quis doloremque minus.', '2002-09-15 19:13:16');
INSERT INTO `messages` (`id`, `from_user_id`, `to_user_id`, `body`, `created_at`) VALUES ('441', '258', '258', 'Voluptatem ea qui dolorem. Qui nihil doloremque adipisci doloremque. Accusamus quidem nemo eaque fugit facilis quis voluptatibus.', '1993-03-03 18:34:17');
INSERT INTO `messages` (`id`, `from_user_id`, `to_user_id`, `body`, `created_at`) VALUES ('442', '259', '259', 'Qui laudantium ut nobis qui laborum harum suscipit. Fugiat et in quis eos voluptate. Porro dolor quas rerum eum nihil sunt voluptatem.', '1973-12-18 06:31:07');
INSERT INTO `messages` (`id`, `from_user_id`, `to_user_id`, `body`, `created_at`) VALUES ('443', '260', '260', 'Nostrum adipisci fugit quod. Sunt sunt quis consectetur minus repellat. Eos quam culpa inventore at eius.', '2003-12-13 03:10:52');
INSERT INTO `messages` (`id`, `from_user_id`, `to_user_id`, `body`, `created_at`) VALUES ('444', '263', '263', 'Autem adipisci eum et qui sit necessitatibus quia omnis. Maxime iste similique beatae dolorum.', '1983-06-25 12:21:12');
INSERT INTO `messages` (`id`, `from_user_id`, `to_user_id`, `body`, `created_at`) VALUES ('445', '265', '265', 'Et quas tempore dolorem ab et perferendis. Ut omnis non ipsam. Quis ipsam at possimus et illo eligendi. Non dolorem omnis voluptas vel illo voluptates saepe.', '1972-08-11 01:08:46');
INSERT INTO `messages` (`id`, `from_user_id`, `to_user_id`, `body`, `created_at`) VALUES ('446', '266', '266', 'Voluptate consequatur ratione non incidunt. Possimus minus et dolor veritatis atque est voluptas. Quo quis consequatur accusantium aut iusto vel totam. Sint dolore aut iure eius ab veniam aut. Qui consectetur a quam minima.', '1982-04-10 04:43:28');
INSERT INTO `messages` (`id`, `from_user_id`, `to_user_id`, `body`, `created_at`) VALUES ('447', '268', '268', 'Illum repudiandae deserunt omnis ut optio. Omnis qui sit commodi occaecati unde voluptas. Et non pariatur culpa a laudantium minus.', '1976-06-05 22:44:08');
INSERT INTO `messages` (`id`, `from_user_id`, `to_user_id`, `body`, `created_at`) VALUES ('448', '269', '269', 'Temporibus vel doloremque et quod fugiat fugit. Quia ut reiciendis blanditiis voluptatibus asperiores ab adipisci. Provident vel adipisci iusto.', '2006-08-14 02:45:59');
INSERT INTO `messages` (`id`, `from_user_id`, `to_user_id`, `body`, `created_at`) VALUES ('449', '270', '270', 'Quae dolor sunt qui eum provident. Sed totam ut id neque minima. Quisquam quis iste itaque reprehenderit excepturi adipisci qui. Placeat dolores quos est repellendus occaecati quis vel.', '2003-11-17 21:36:29');
INSERT INTO `messages` (`id`, `from_user_id`, `to_user_id`, `body`, `created_at`) VALUES ('450', '275', '275', 'Ratione pariatur ipsam sit est. Mollitia facere consectetur ea nihil quis voluptatibus laborum. Quaerat voluptatem natus accusantium dolor.', '2022-07-30 03:28:05');
INSERT INTO `messages` (`id`, `from_user_id`, `to_user_id`, `body`, `created_at`) VALUES ('451', '276', '276', 'Modi sed quia iure id suscipit officia. Sed et quibusdam voluptas est. Tempora fuga deleniti architecto sed reiciendis eum. Aperiam debitis porro eaque sint magnam ipsam debitis autem.', '1999-06-19 22:24:53');
INSERT INTO `messages` (`id`, `from_user_id`, `to_user_id`, `body`, `created_at`) VALUES ('452', '277', '277', 'Beatae aliquam explicabo neque facilis aut quis. Est dolorem omnis at iure nihil. Quod qui consequatur eum officia et. Esse aliquam a reprehenderit qui est et.', '2003-12-07 05:01:37');
INSERT INTO `messages` (`id`, `from_user_id`, `to_user_id`, `body`, `created_at`) VALUES ('453', '278', '278', 'Unde magni laboriosam velit sapiente ut cupiditate soluta. Voluptatibus omnis modi dolor a. Quam rerum magnam laboriosam enim qui. Est ullam quis magnam sapiente voluptatem nisi.', '1995-12-05 17:51:13');
INSERT INTO `messages` (`id`, `from_user_id`, `to_user_id`, `body`, `created_at`) VALUES ('454', '279', '279', 'Beatae omnis fugiat dolor eos quisquam. Sint iusto qui aut dignissimos cumque.', '1975-05-01 14:05:18');
INSERT INTO `messages` (`id`, `from_user_id`, `to_user_id`, `body`, `created_at`) VALUES ('455', '281', '281', 'Quod nisi laborum dolores. Reiciendis beatae tempora et velit eum illo voluptatem. Quia sequi laboriosam impedit. Eum ex ipsum esse deleniti nisi.', '2003-01-21 08:34:44');
INSERT INTO `messages` (`id`, `from_user_id`, `to_user_id`, `body`, `created_at`) VALUES ('456', '282', '282', 'Dolor consectetur voluptatum nobis fuga pariatur. Veniam quos modi doloribus illo. Aspernatur ad molestiae veniam sit et nostrum ut.', '1972-05-29 08:19:35');
INSERT INTO `messages` (`id`, `from_user_id`, `to_user_id`, `body`, `created_at`) VALUES ('457', '283', '283', 'Reprehenderit at molestias consequatur quia. Iusto hic corporis itaque magnam sunt ut beatae accusantium. Voluptatibus quia officiis laudantium voluptatem reprehenderit dolores. Incidunt placeat nihil libero quia dolorum.', '1976-12-03 02:29:57');
INSERT INTO `messages` (`id`, `from_user_id`, `to_user_id`, `body`, `created_at`) VALUES ('458', '284', '284', 'Neque unde praesentium consectetur quod impedit. Hic doloremque quos deserunt placeat qui autem. Necessitatibus tempora id tempore corrupti et distinctio. Aut minima ab tenetur impedit.', '1979-06-07 13:49:51');
INSERT INTO `messages` (`id`, `from_user_id`, `to_user_id`, `body`, `created_at`) VALUES ('459', '285', '285', 'Excepturi corporis omnis consequatur eum ut at. Provident suscipit voluptates eius. Hic corrupti itaque ut.', '1983-03-13 08:50:09');
INSERT INTO `messages` (`id`, `from_user_id`, `to_user_id`, `body`, `created_at`) VALUES ('460', '286', '286', 'Quam iure quia et molestias voluptatem ad sit. Non maxime eos nulla. Qui dolorem vero tempore qui eligendi quae. Est minima ratione aut est est sint deleniti aut.', '1970-12-30 08:30:19');
INSERT INTO `messages` (`id`, `from_user_id`, `to_user_id`, `body`, `created_at`) VALUES ('461', '287', '287', 'Natus nemo quia dolor ut sed nihil nisi. Veniam modi doloribus veritatis. Labore velit sed aut soluta.', '1977-02-10 05:18:56');
INSERT INTO `messages` (`id`, `from_user_id`, `to_user_id`, `body`, `created_at`) VALUES ('462', '288', '288', 'Nihil est eos nemo sint et molestias excepturi. Veritatis sint placeat est occaecati corrupti et tempore. Animi non molestias sequi at deleniti expedita modi quaerat.', '2002-10-20 16:54:52');
INSERT INTO `messages` (`id`, `from_user_id`, `to_user_id`, `body`, `created_at`) VALUES ('463', '290', '290', 'Deleniti molestiae vel provident laboriosam atque sint maxime. Tenetur deserunt autem aliquid minus.', '2018-11-12 00:33:52');
INSERT INTO `messages` (`id`, `from_user_id`, `to_user_id`, `body`, `created_at`) VALUES ('464', '291', '291', 'Qui facere nostrum ad quidem. Quod beatae ratione culpa possimus laborum soluta labore. Voluptas consequatur consequuntur qui accusantium sapiente est. Mollitia quo cumque distinctio hic. Velit minima incidunt veritatis voluptatibus fugiat natus.', '2017-12-12 03:05:06');
INSERT INTO `messages` (`id`, `from_user_id`, `to_user_id`, `body`, `created_at`) VALUES ('465', '292', '292', 'Pariatur aut iste rerum aut. Officiis repellendus voluptatem qui voluptatem. Dolore quia quisquam architecto amet maxime porro.', '1999-10-11 06:23:27');
INSERT INTO `messages` (`id`, `from_user_id`, `to_user_id`, `body`, `created_at`) VALUES ('466', '293', '293', 'Consequatur voluptatum aut aut facilis eaque omnis corporis. Ipsum laboriosam alias eveniet qui. Et cum quis facere occaecati est.', '2012-08-12 17:18:33');
INSERT INTO `messages` (`id`, `from_user_id`, `to_user_id`, `body`, `created_at`) VALUES ('467', '294', '294', 'Mollitia quis ipsa voluptas alias praesentium vel. Quia sed voluptatum eum consequuntur. Pariatur alias eos et. Ratione minima vero omnis et quisquam mollitia.', '2021-11-10 13:58:03');
INSERT INTO `messages` (`id`, `from_user_id`, `to_user_id`, `body`, `created_at`) VALUES ('468', '295', '295', 'Ut et sapiente qui vel aut. Tenetur recusandae cum a sunt dolorum. Sed et similique cupiditate sequi maxime.', '1996-09-10 18:05:17');
INSERT INTO `messages` (`id`, `from_user_id`, `to_user_id`, `body`, `created_at`) VALUES ('469', '296', '296', 'Natus repellat et non fugiat id architecto. Consectetur nobis dolorem rerum deleniti hic consequatur autem voluptas. Voluptas assumenda voluptate incidunt temporibus ipsam.', '1974-04-02 12:55:38');
INSERT INTO `messages` (`id`, `from_user_id`, `to_user_id`, `body`, `created_at`) VALUES ('470', '297', '297', 'Assumenda velit placeat molestiae doloribus quo amet. Dolorem ab in odio minus similique autem distinctio. Aut laboriosam totam assumenda illo provident ut eius. Quaerat nisi doloremque voluptas ullam dolorem omnis.', '1999-01-17 21:05:26');
INSERT INTO `messages` (`id`, `from_user_id`, `to_user_id`, `body`, `created_at`) VALUES ('471', '298', '298', 'Ipsum ab ullam qui quia omnis omnis ratione. Vitae maiores in pariatur velit exercitationem. Illo cupiditate debitis iste dolore facere dolor modi. Repellendus neque quis nobis illo vitae quibusdam.', '2021-05-16 21:06:41');
INSERT INTO `messages` (`id`, `from_user_id`, `to_user_id`, `body`, `created_at`) VALUES ('472', '299', '299', 'Beatae qui dolor voluptate sunt quia consequuntur non facilis. Ut ea et dolorem non officiis eligendi. Fugit harum praesentium temporibus architecto quas vitae.', '2005-08-12 19:49:58');
INSERT INTO `messages` (`id`, `from_user_id`, `to_user_id`, `body`, `created_at`) VALUES ('473', '301', '301', 'Expedita molestiae omnis dolorum in et ducimus alias quam. Magni sit aut vitae dolor asperiores doloremque. Quisquam explicabo ipsa et. Sed minus rerum totam enim ut. Et placeat consequatur magni vero ut.', '1984-06-05 09:06:32');
INSERT INTO `messages` (`id`, `from_user_id`, `to_user_id`, `body`, `created_at`) VALUES ('474', '305', '305', 'Voluptate laudantium aut in dicta. Eaque ullam doloremque dolore exercitationem delectus sequi. Unde officia quisquam nulla quasi distinctio. Aut dolorem ullam sit vel animi sit.', '1987-07-10 01:36:53');
INSERT INTO `messages` (`id`, `from_user_id`, `to_user_id`, `body`, `created_at`) VALUES ('475', '306', '306', 'Maxime suscipit dolore totam ducimus. Esse voluptatibus voluptatem quis sunt. Ut consequuntur sint voluptas assumenda necessitatibus vitae. Ea inventore id quae. Deserunt eaque delectus consequatur officia alias.', '1970-12-21 08:40:53');
INSERT INTO `messages` (`id`, `from_user_id`, `to_user_id`, `body`, `created_at`) VALUES ('476', '307', '307', 'Aut est incidunt porro voluptatem explicabo officiis veritatis. Voluptate quis qui et et eum. Quia id impedit commodi ut fugiat quia. Rem ut eveniet nemo ex.', '1970-05-26 09:47:52');
INSERT INTO `messages` (`id`, `from_user_id`, `to_user_id`, `body`, `created_at`) VALUES ('477', '309', '309', 'Et suscipit dicta delectus libero possimus perferendis. Quis soluta temporibus qui autem deleniti unde numquam quisquam. Molestias consectetur iure ut blanditiis.', '1983-05-27 16:22:22');
INSERT INTO `messages` (`id`, `from_user_id`, `to_user_id`, `body`, `created_at`) VALUES ('478', '313', '313', 'Maxime alias rerum cupiditate eligendi. Saepe quis quasi odit distinctio nemo earum doloremque. Repellat commodi qui ut quidem. Qui veritatis illum soluta qui.', '2005-06-23 20:33:21');
INSERT INTO `messages` (`id`, `from_user_id`, `to_user_id`, `body`, `created_at`) VALUES ('479', '314', '314', 'Est aut architecto beatae perspiciatis. Voluptas voluptatibus perspiciatis necessitatibus temporibus facilis quos. Consequuntur itaque omnis qui eum corrupti harum.', '1998-10-17 17:32:05');
INSERT INTO `messages` (`id`, `from_user_id`, `to_user_id`, `body`, `created_at`) VALUES ('480', '316', '316', 'Voluptatum quo et recusandae nesciunt doloremque sunt nam. Maiores quibusdam officia dolor deserunt maxime harum. Debitis voluptate optio qui error architecto commodi.', '1996-12-29 06:00:17');
INSERT INTO `messages` (`id`, `from_user_id`, `to_user_id`, `body`, `created_at`) VALUES ('481', '318', '318', 'Veritatis excepturi et necessitatibus atque. Ad in minima architecto ab nemo. Nesciunt voluptates voluptatem repudiandae dolores adipisci. Neque delectus neque quo et.', '2014-11-24 02:14:22');
INSERT INTO `messages` (`id`, `from_user_id`, `to_user_id`, `body`, `created_at`) VALUES ('482', '319', '319', 'Et sint corporis voluptas suscipit. Inventore et voluptatem ullam ex nulla alias. Accusamus voluptates aut ipsum pariatur aut.', '1989-02-22 08:48:58');
INSERT INTO `messages` (`id`, `from_user_id`, `to_user_id`, `body`, `created_at`) VALUES ('483', '320', '320', 'Mollitia dolorum et qui. Repudiandae autem quidem quo. Ab quia quasi et optio sint. Ea ea quos quia a quaerat excepturi aut.', '1983-07-11 07:36:02');
INSERT INTO `messages` (`id`, `from_user_id`, `to_user_id`, `body`, `created_at`) VALUES ('484', '321', '321', 'Quia id id nihil. Excepturi id ipsum occaecati provident eveniet molestiae. Aut sapiente sapiente autem corporis. Rerum fugit et et. Consectetur quibusdam enim illum tempora qui.', '2013-11-23 02:13:22');
INSERT INTO `messages` (`id`, `from_user_id`, `to_user_id`, `body`, `created_at`) VALUES ('485', '323', '323', 'Necessitatibus ipsam id autem. Cum sequi numquam sit officia odio dolor sit. Accusamus rerum velit asperiores quod et dolorem atque.', '2000-05-15 07:45:24');
INSERT INTO `messages` (`id`, `from_user_id`, `to_user_id`, `body`, `created_at`) VALUES ('486', '324', '324', 'Quod aspernatur reiciendis minus et ipsam ducimus unde. Eius alias et corrupti saepe. Sint minus delectus doloremque laboriosam tempora dolor. Iusto minus quos illo est vitae sit aut. Hic voluptatem molestias possimus ea.', '2014-10-19 12:43:34');
INSERT INTO `messages` (`id`, `from_user_id`, `to_user_id`, `body`, `created_at`) VALUES ('487', '325', '325', 'Et quis sed aperiam quos minima consequatur. Et et consequatur fugit nihil qui et laboriosam. Eum aperiam repellat nobis quo eaque. Error aut aut iure facere.', '1974-08-16 23:16:04');
INSERT INTO `messages` (`id`, `from_user_id`, `to_user_id`, `body`, `created_at`) VALUES ('488', '327', '327', 'Odio aliquid quisquam natus distinctio. Quia ducimus ut ratione dolorem. Consectetur neque nulla architecto illum ut. Consequatur rem non aut voluptatem et.', '2019-05-16 02:29:19');
INSERT INTO `messages` (`id`, `from_user_id`, `to_user_id`, `body`, `created_at`) VALUES ('489', '328', '328', 'Quidem hic non rerum dolorem saepe. Quia sit occaecati suscipit est est. Nesciunt numquam omnis officiis dignissimos dignissimos doloremque deleniti. Facere incidunt voluptates nesciunt nostrum necessitatibus quasi.', '2004-12-17 06:04:27');
INSERT INTO `messages` (`id`, `from_user_id`, `to_user_id`, `body`, `created_at`) VALUES ('490', '330', '330', 'Id consequatur voluptatum facilis nihil. Sit natus dolorem possimus qui animi.', '1973-04-13 19:54:02');
INSERT INTO `messages` (`id`, `from_user_id`, `to_user_id`, `body`, `created_at`) VALUES ('491', '331', '331', 'Vitae aliquid neque velit. Recusandae eveniet deserunt vitae placeat quisquam quo. Voluptas qui ipsa rerum at modi et non.', '1996-12-25 13:47:11');
INSERT INTO `messages` (`id`, `from_user_id`, `to_user_id`, `body`, `created_at`) VALUES ('492', '332', '332', 'Asperiores quia at cumque qui et. Eligendi et quis aut quo ut similique ut. Cupiditate asperiores expedita nobis quos.', '1981-06-30 18:17:15');
INSERT INTO `messages` (`id`, `from_user_id`, `to_user_id`, `body`, `created_at`) VALUES ('493', '333', '333', 'Beatae magnam id nobis minus similique repellat et. Cum eum nemo in cumque non nostrum. Dolores aspernatur sit ea quas deserunt. Hic natus aspernatur illum dolor necessitatibus soluta.', '2020-12-16 02:46:51');
INSERT INTO `messages` (`id`, `from_user_id`, `to_user_id`, `body`, `created_at`) VALUES ('494', '335', '335', 'Eos laudantium dignissimos unde facilis at ut. Reiciendis unde magnam molestiae tempore dolor corrupti corporis. Veritatis sapiente dolor ut vero repellendus. A est deleniti quia ea commodi delectus ad.', '1990-04-26 18:54:40');
INSERT INTO `messages` (`id`, `from_user_id`, `to_user_id`, `body`, `created_at`) VALUES ('495', '336', '336', 'Aut dolorum qui quam eligendi. Quidem voluptates dolorem possimus quo laboriosam odit. Enim et doloremque dolor voluptate blanditiis itaque eveniet. Ut odit fugit asperiores velit similique.', '2009-09-21 22:47:35');
INSERT INTO `messages` (`id`, `from_user_id`, `to_user_id`, `body`, `created_at`) VALUES ('496', '337', '337', 'Qui in dolorem qui rerum fugiat aliquid qui. Impedit ut modi ullam eligendi. Accusamus consequatur autem magni quo et iure. Magni inventore cupiditate consequuntur aut voluptate a quae natus.', '2001-05-15 22:32:24');
INSERT INTO `messages` (`id`, `from_user_id`, `to_user_id`, `body`, `created_at`) VALUES ('497', '341', '341', 'Magni id id alias a repellendus et vel. Qui aut ex rerum. Consequatur quia quasi ab sed.', '1973-11-20 16:15:56');
INSERT INTO `messages` (`id`, `from_user_id`, `to_user_id`, `body`, `created_at`) VALUES ('498', '343', '343', 'Soluta eaque ut eligendi fugit vitae sequi sed impedit. Ut a ipsam libero repellendus est facilis velit.', '1986-05-18 08:49:35');
INSERT INTO `messages` (`id`, `from_user_id`, `to_user_id`, `body`, `created_at`) VALUES ('499', '345', '345', 'Facilis consequuntur quidem dolores vel rerum. Debitis et facere error cumque. Quidem id ducimus ratione sit nihil. Sit molestiae autem ea expedita sint et.', '2004-12-31 08:07:33');
INSERT INTO `messages` (`id`, `from_user_id`, `to_user_id`, `body`, `created_at`) VALUES ('500', '348', '348', 'Eius accusantium perspiciatis dicta cum animi eligendi saepe quia. Rerum voluptatem optio dolores dolorum eum soluta possimus.', '2022-05-26 18:05:47');


#
# TABLE STRUCTURE FOR: photo_albums
#

DROP TABLE IF EXISTS `photo_albums`;

CREATE TABLE `photo_albums` (
  `id` bigint(20) unsigned NOT NULL AUTO_INCREMENT,
  `name` varchar(255) COLLATE utf8mb4_unicode_ci DEFAULT NULL,
  `user_id` bigint(20) unsigned DEFAULT NULL,
  PRIMARY KEY (`id`),
  UNIQUE KEY `id` (`id`),
  KEY `user_id` (`user_id`),
  CONSTRAINT `photo_albums_ibfk_1` FOREIGN KEY (`user_id`) REFERENCES `users` (`id`)
) ENGINE=InnoDB AUTO_INCREMENT=101 DEFAULT CHARSET=utf8mb4 COLLATE=utf8mb4_unicode_ci;

INSERT INTO `photo_albums` (`id`, `name`, `user_id`) VALUES ('1', 'incidunt', '201');
INSERT INTO `photo_albums` (`id`, `name`, `user_id`) VALUES ('2', 'molestias', '202');
INSERT INTO `photo_albums` (`id`, `name`, `user_id`) VALUES ('3', 'minus', '203');
INSERT INTO `photo_albums` (`id`, `name`, `user_id`) VALUES ('4', 'saepe', '205');
INSERT INTO `photo_albums` (`id`, `name`, `user_id`) VALUES ('5', 'culpa', '206');
INSERT INTO `photo_albums` (`id`, `name`, `user_id`) VALUES ('6', 'modi', '210');
INSERT INTO `photo_albums` (`id`, `name`, `user_id`) VALUES ('7', 'commodi', '213');
INSERT INTO `photo_albums` (`id`, `name`, `user_id`) VALUES ('8', 'ipsa', '214');
INSERT INTO `photo_albums` (`id`, `name`, `user_id`) VALUES ('9', 'et', '215');
INSERT INTO `photo_albums` (`id`, `name`, `user_id`) VALUES ('10', 'voluptatem', '216');
INSERT INTO `photo_albums` (`id`, `name`, `user_id`) VALUES ('11', 'et', '217');
INSERT INTO `photo_albums` (`id`, `name`, `user_id`) VALUES ('12', 'voluptatem', '218');
INSERT INTO `photo_albums` (`id`, `name`, `user_id`) VALUES ('13', 'hic', '220');
INSERT INTO `photo_albums` (`id`, `name`, `user_id`) VALUES ('14', 'similique', '221');
INSERT INTO `photo_albums` (`id`, `name`, `user_id`) VALUES ('15', 'rerum', '222');
INSERT INTO `photo_albums` (`id`, `name`, `user_id`) VALUES ('16', 'qui', '223');
INSERT INTO `photo_albums` (`id`, `name`, `user_id`) VALUES ('17', 'ab', '224');
INSERT INTO `photo_albums` (`id`, `name`, `user_id`) VALUES ('18', 'error', '225');
INSERT INTO `photo_albums` (`id`, `name`, `user_id`) VALUES ('19', 'ut', '226');
INSERT INTO `photo_albums` (`id`, `name`, `user_id`) VALUES ('20', 'temporibus', '227');
INSERT INTO `photo_albums` (`id`, `name`, `user_id`) VALUES ('21', 'odio', '228');
INSERT INTO `photo_albums` (`id`, `name`, `user_id`) VALUES ('22', 'vel', '229');
INSERT INTO `photo_albums` (`id`, `name`, `user_id`) VALUES ('23', 'voluptatum', '230');
INSERT INTO `photo_albums` (`id`, `name`, `user_id`) VALUES ('24', 'id', '231');
INSERT INTO `photo_albums` (`id`, `name`, `user_id`) VALUES ('25', 'quae', '233');
INSERT INTO `photo_albums` (`id`, `name`, `user_id`) VALUES ('26', 'tempore', '235');
INSERT INTO `photo_albums` (`id`, `name`, `user_id`) VALUES ('27', 'voluptatem', '236');
INSERT INTO `photo_albums` (`id`, `name`, `user_id`) VALUES ('28', 'officia', '239');
INSERT INTO `photo_albums` (`id`, `name`, `user_id`) VALUES ('29', 'perferendis', '240');
INSERT INTO `photo_albums` (`id`, `name`, `user_id`) VALUES ('30', 'facere', '242');
INSERT INTO `photo_albums` (`id`, `name`, `user_id`) VALUES ('31', 'vitae', '245');
INSERT INTO `photo_albums` (`id`, `name`, `user_id`) VALUES ('32', 'enim', '246');
INSERT INTO `photo_albums` (`id`, `name`, `user_id`) VALUES ('33', 'cupiditate', '248');
INSERT INTO `photo_albums` (`id`, `name`, `user_id`) VALUES ('34', 'vel', '249');
INSERT INTO `photo_albums` (`id`, `name`, `user_id`) VALUES ('35', 'officia', '251');
INSERT INTO `photo_albums` (`id`, `name`, `user_id`) VALUES ('36', 'consequatur', '252');
INSERT INTO `photo_albums` (`id`, `name`, `user_id`) VALUES ('37', 'voluptas', '253');
INSERT INTO `photo_albums` (`id`, `name`, `user_id`) VALUES ('38', 'alias', '254');
INSERT INTO `photo_albums` (`id`, `name`, `user_id`) VALUES ('39', 'iste', '255');
INSERT INTO `photo_albums` (`id`, `name`, `user_id`) VALUES ('40', 'sequi', '257');
INSERT INTO `photo_albums` (`id`, `name`, `user_id`) VALUES ('41', 'qui', '258');
INSERT INTO `photo_albums` (`id`, `name`, `user_id`) VALUES ('42', 'odit', '259');
INSERT INTO `photo_albums` (`id`, `name`, `user_id`) VALUES ('43', 'quaerat', '260');
INSERT INTO `photo_albums` (`id`, `name`, `user_id`) VALUES ('44', 'et', '263');
INSERT INTO `photo_albums` (`id`, `name`, `user_id`) VALUES ('45', 'sint', '265');
INSERT INTO `photo_albums` (`id`, `name`, `user_id`) VALUES ('46', 'error', '266');
INSERT INTO `photo_albums` (`id`, `name`, `user_id`) VALUES ('47', 'illum', '268');
INSERT INTO `photo_albums` (`id`, `name`, `user_id`) VALUES ('48', 'non', '269');
INSERT INTO `photo_albums` (`id`, `name`, `user_id`) VALUES ('49', 'maxime', '270');
INSERT INTO `photo_albums` (`id`, `name`, `user_id`) VALUES ('50', 'qui', '275');
INSERT INTO `photo_albums` (`id`, `name`, `user_id`) VALUES ('51', 'aut', '276');
INSERT INTO `photo_albums` (`id`, `name`, `user_id`) VALUES ('52', 'est', '277');
INSERT INTO `photo_albums` (`id`, `name`, `user_id`) VALUES ('53', 'neque', '278');
INSERT INTO `photo_albums` (`id`, `name`, `user_id`) VALUES ('54', 'minus', '279');
INSERT INTO `photo_albums` (`id`, `name`, `user_id`) VALUES ('55', 'rerum', '281');
INSERT INTO `photo_albums` (`id`, `name`, `user_id`) VALUES ('56', 'sed', '282');
INSERT INTO `photo_albums` (`id`, `name`, `user_id`) VALUES ('57', 'ut', '283');
INSERT INTO `photo_albums` (`id`, `name`, `user_id`) VALUES ('58', 'reiciendis', '284');
INSERT INTO `photo_albums` (`id`, `name`, `user_id`) VALUES ('59', 'et', '285');
INSERT INTO `photo_albums` (`id`, `name`, `user_id`) VALUES ('60', 'qui', '286');
INSERT INTO `photo_albums` (`id`, `name`, `user_id`) VALUES ('61', 'eius', '287');
INSERT INTO `photo_albums` (`id`, `name`, `user_id`) VALUES ('62', 'qui', '288');
INSERT INTO `photo_albums` (`id`, `name`, `user_id`) VALUES ('63', 'aut', '290');
INSERT INTO `photo_albums` (`id`, `name`, `user_id`) VALUES ('64', 'nihil', '291');
INSERT INTO `photo_albums` (`id`, `name`, `user_id`) VALUES ('65', 'sint', '292');
INSERT INTO `photo_albums` (`id`, `name`, `user_id`) VALUES ('66', 'aut', '293');
INSERT INTO `photo_albums` (`id`, `name`, `user_id`) VALUES ('67', 'in', '294');
INSERT INTO `photo_albums` (`id`, `name`, `user_id`) VALUES ('68', 'eveniet', '295');
INSERT INTO `photo_albums` (`id`, `name`, `user_id`) VALUES ('69', 'ullam', '296');
INSERT INTO `photo_albums` (`id`, `name`, `user_id`) VALUES ('70', 'fugiat', '297');
INSERT INTO `photo_albums` (`id`, `name`, `user_id`) VALUES ('71', 'ipsa', '298');
INSERT INTO `photo_albums` (`id`, `name`, `user_id`) VALUES ('72', 'omnis', '299');
INSERT INTO `photo_albums` (`id`, `name`, `user_id`) VALUES ('73', 'voluptatem', '301');
INSERT INTO `photo_albums` (`id`, `name`, `user_id`) VALUES ('74', 'nihil', '305');
INSERT INTO `photo_albums` (`id`, `name`, `user_id`) VALUES ('75', 'cupiditate', '306');
INSERT INTO `photo_albums` (`id`, `name`, `user_id`) VALUES ('76', 'beatae', '307');
INSERT INTO `photo_albums` (`id`, `name`, `user_id`) VALUES ('77', 'ducimus', '309');
INSERT INTO `photo_albums` (`id`, `name`, `user_id`) VALUES ('78', 'soluta', '313');
INSERT INTO `photo_albums` (`id`, `name`, `user_id`) VALUES ('79', 'sit', '314');
INSERT INTO `photo_albums` (`id`, `name`, `user_id`) VALUES ('80', 'ut', '316');
INSERT INTO `photo_albums` (`id`, `name`, `user_id`) VALUES ('81', 'quibusdam', '318');
INSERT INTO `photo_albums` (`id`, `name`, `user_id`) VALUES ('82', 'error', '319');
INSERT INTO `photo_albums` (`id`, `name`, `user_id`) VALUES ('83', 'incidunt', '320');
INSERT INTO `photo_albums` (`id`, `name`, `user_id`) VALUES ('84', 'fugit', '321');
INSERT INTO `photo_albums` (`id`, `name`, `user_id`) VALUES ('85', 'modi', '323');
INSERT INTO `photo_albums` (`id`, `name`, `user_id`) VALUES ('86', 'velit', '324');
INSERT INTO `photo_albums` (`id`, `name`, `user_id`) VALUES ('87', 'cumque', '325');
INSERT INTO `photo_albums` (`id`, `name`, `user_id`) VALUES ('88', 'consequuntur', '327');
INSERT INTO `photo_albums` (`id`, `name`, `user_id`) VALUES ('89', 'commodi', '328');
INSERT INTO `photo_albums` (`id`, `name`, `user_id`) VALUES ('90', 'labore', '330');
INSERT INTO `photo_albums` (`id`, `name`, `user_id`) VALUES ('91', 'veniam', '331');
INSERT INTO `photo_albums` (`id`, `name`, `user_id`) VALUES ('92', 'sed', '332');
INSERT INTO `photo_albums` (`id`, `name`, `user_id`) VALUES ('93', 'necessitatibus', '333');
INSERT INTO `photo_albums` (`id`, `name`, `user_id`) VALUES ('94', 'corporis', '335');
INSERT INTO `photo_albums` (`id`, `name`, `user_id`) VALUES ('95', 'explicabo', '336');
INSERT INTO `photo_albums` (`id`, `name`, `user_id`) VALUES ('96', 'dolores', '337');
INSERT INTO `photo_albums` (`id`, `name`, `user_id`) VALUES ('97', 'autem', '341');
INSERT INTO `photo_albums` (`id`, `name`, `user_id`) VALUES ('98', 'autem', '343');
INSERT INTO `photo_albums` (`id`, `name`, `user_id`) VALUES ('99', 'corrupti', '345');
INSERT INTO `photo_albums` (`id`, `name`, `user_id`) VALUES ('100', 'blanditiis', '348');


#
# TABLE STRUCTURE FOR: photos
#

DROP TABLE IF EXISTS `photos`;

CREATE TABLE `photos` (
  `id` bigint(20) unsigned NOT NULL AUTO_INCREMENT,
  `album_id` bigint(20) unsigned DEFAULT NULL,
  `media_id` bigint(20) unsigned NOT NULL,
  UNIQUE KEY `id` (`id`),
  KEY `album_id` (`album_id`),
  KEY `media_id` (`media_id`),
  CONSTRAINT `photos_ibfk_1` FOREIGN KEY (`album_id`) REFERENCES `photo_albums` (`id`),
  CONSTRAINT `photos_ibfk_2` FOREIGN KEY (`media_id`) REFERENCES `media` (`id`)
) ENGINE=InnoDB AUTO_INCREMENT=101 DEFAULT CHARSET=utf8mb4 COLLATE=utf8mb4_unicode_ci;

INSERT INTO `photos` (`id`, `album_id`, `media_id`) VALUES ('1', '1', '1');
INSERT INTO `photos` (`id`, `album_id`, `media_id`) VALUES ('2', '2', '2');
INSERT INTO `photos` (`id`, `album_id`, `media_id`) VALUES ('3', '3', '3');
INSERT INTO `photos` (`id`, `album_id`, `media_id`) VALUES ('4', '4', '4');
INSERT INTO `photos` (`id`, `album_id`, `media_id`) VALUES ('5', '5', '5');
INSERT INTO `photos` (`id`, `album_id`, `media_id`) VALUES ('6', '6', '6');
INSERT INTO `photos` (`id`, `album_id`, `media_id`) VALUES ('7', '7', '7');
INSERT INTO `photos` (`id`, `album_id`, `media_id`) VALUES ('8', '8', '8');
INSERT INTO `photos` (`id`, `album_id`, `media_id`) VALUES ('9', '9', '9');
INSERT INTO `photos` (`id`, `album_id`, `media_id`) VALUES ('10', '10', '10');
INSERT INTO `photos` (`id`, `album_id`, `media_id`) VALUES ('11', '11', '11');
INSERT INTO `photos` (`id`, `album_id`, `media_id`) VALUES ('12', '12', '12');
INSERT INTO `photos` (`id`, `album_id`, `media_id`) VALUES ('13', '13', '13');
INSERT INTO `photos` (`id`, `album_id`, `media_id`) VALUES ('14', '14', '14');
INSERT INTO `photos` (`id`, `album_id`, `media_id`) VALUES ('15', '15', '15');
INSERT INTO `photos` (`id`, `album_id`, `media_id`) VALUES ('16', '16', '16');
INSERT INTO `photos` (`id`, `album_id`, `media_id`) VALUES ('17', '17', '17');
INSERT INTO `photos` (`id`, `album_id`, `media_id`) VALUES ('18', '18', '18');
INSERT INTO `photos` (`id`, `album_id`, `media_id`) VALUES ('19', '19', '19');
INSERT INTO `photos` (`id`, `album_id`, `media_id`) VALUES ('20', '20', '20');
INSERT INTO `photos` (`id`, `album_id`, `media_id`) VALUES ('21', '21', '21');
INSERT INTO `photos` (`id`, `album_id`, `media_id`) VALUES ('22', '22', '22');
INSERT INTO `photos` (`id`, `album_id`, `media_id`) VALUES ('23', '23', '23');
INSERT INTO `photos` (`id`, `album_id`, `media_id`) VALUES ('24', '24', '24');
INSERT INTO `photos` (`id`, `album_id`, `media_id`) VALUES ('25', '25', '25');
INSERT INTO `photos` (`id`, `album_id`, `media_id`) VALUES ('26', '26', '26');
INSERT INTO `photos` (`id`, `album_id`, `media_id`) VALUES ('27', '27', '27');
INSERT INTO `photos` (`id`, `album_id`, `media_id`) VALUES ('28', '28', '28');
INSERT INTO `photos` (`id`, `album_id`, `media_id`) VALUES ('29', '29', '29');
INSERT INTO `photos` (`id`, `album_id`, `media_id`) VALUES ('30', '30', '30');
INSERT INTO `photos` (`id`, `album_id`, `media_id`) VALUES ('31', '31', '31');
INSERT INTO `photos` (`id`, `album_id`, `media_id`) VALUES ('32', '32', '32');
INSERT INTO `photos` (`id`, `album_id`, `media_id`) VALUES ('33', '33', '33');
INSERT INTO `photos` (`id`, `album_id`, `media_id`) VALUES ('34', '34', '34');
INSERT INTO `photos` (`id`, `album_id`, `media_id`) VALUES ('35', '35', '35');
INSERT INTO `photos` (`id`, `album_id`, `media_id`) VALUES ('36', '36', '36');
INSERT INTO `photos` (`id`, `album_id`, `media_id`) VALUES ('37', '37', '37');
INSERT INTO `photos` (`id`, `album_id`, `media_id`) VALUES ('38', '38', '38');
INSERT INTO `photos` (`id`, `album_id`, `media_id`) VALUES ('39', '39', '39');
INSERT INTO `photos` (`id`, `album_id`, `media_id`) VALUES ('40', '40', '40');
INSERT INTO `photos` (`id`, `album_id`, `media_id`) VALUES ('41', '41', '41');
INSERT INTO `photos` (`id`, `album_id`, `media_id`) VALUES ('42', '42', '42');
INSERT INTO `photos` (`id`, `album_id`, `media_id`) VALUES ('43', '43', '43');
INSERT INTO `photos` (`id`, `album_id`, `media_id`) VALUES ('44', '44', '44');
INSERT INTO `photos` (`id`, `album_id`, `media_id`) VALUES ('45', '45', '45');
INSERT INTO `photos` (`id`, `album_id`, `media_id`) VALUES ('46', '46', '46');
INSERT INTO `photos` (`id`, `album_id`, `media_id`) VALUES ('47', '47', '47');
INSERT INTO `photos` (`id`, `album_id`, `media_id`) VALUES ('48', '48', '48');
INSERT INTO `photos` (`id`, `album_id`, `media_id`) VALUES ('49', '49', '49');
INSERT INTO `photos` (`id`, `album_id`, `media_id`) VALUES ('50', '50', '50');
INSERT INTO `photos` (`id`, `album_id`, `media_id`) VALUES ('51', '51', '51');
INSERT INTO `photos` (`id`, `album_id`, `media_id`) VALUES ('52', '52', '52');
INSERT INTO `photos` (`id`, `album_id`, `media_id`) VALUES ('53', '53', '53');
INSERT INTO `photos` (`id`, `album_id`, `media_id`) VALUES ('54', '54', '54');
INSERT INTO `photos` (`id`, `album_id`, `media_id`) VALUES ('55', '55', '55');
INSERT INTO `photos` (`id`, `album_id`, `media_id`) VALUES ('56', '56', '56');
INSERT INTO `photos` (`id`, `album_id`, `media_id`) VALUES ('57', '57', '57');
INSERT INTO `photos` (`id`, `album_id`, `media_id`) VALUES ('58', '58', '58');
INSERT INTO `photos` (`id`, `album_id`, `media_id`) VALUES ('59', '59', '59');
INSERT INTO `photos` (`id`, `album_id`, `media_id`) VALUES ('60', '60', '60');
INSERT INTO `photos` (`id`, `album_id`, `media_id`) VALUES ('61', '61', '61');
INSERT INTO `photos` (`id`, `album_id`, `media_id`) VALUES ('62', '62', '62');
INSERT INTO `photos` (`id`, `album_id`, `media_id`) VALUES ('63', '63', '63');
INSERT INTO `photos` (`id`, `album_id`, `media_id`) VALUES ('64', '64', '64');
INSERT INTO `photos` (`id`, `album_id`, `media_id`) VALUES ('65', '65', '65');
INSERT INTO `photos` (`id`, `album_id`, `media_id`) VALUES ('66', '66', '66');
INSERT INTO `photos` (`id`, `album_id`, `media_id`) VALUES ('67', '67', '67');
INSERT INTO `photos` (`id`, `album_id`, `media_id`) VALUES ('68', '68', '68');
INSERT INTO `photos` (`id`, `album_id`, `media_id`) VALUES ('69', '69', '69');
INSERT INTO `photos` (`id`, `album_id`, `media_id`) VALUES ('70', '70', '70');
INSERT INTO `photos` (`id`, `album_id`, `media_id`) VALUES ('71', '71', '71');
INSERT INTO `photos` (`id`, `album_id`, `media_id`) VALUES ('72', '72', '72');
INSERT INTO `photos` (`id`, `album_id`, `media_id`) VALUES ('73', '73', '73');
INSERT INTO `photos` (`id`, `album_id`, `media_id`) VALUES ('74', '74', '74');
INSERT INTO `photos` (`id`, `album_id`, `media_id`) VALUES ('75', '75', '75');
INSERT INTO `photos` (`id`, `album_id`, `media_id`) VALUES ('76', '76', '76');
INSERT INTO `photos` (`id`, `album_id`, `media_id`) VALUES ('77', '77', '77');
INSERT INTO `photos` (`id`, `album_id`, `media_id`) VALUES ('78', '78', '78');
INSERT INTO `photos` (`id`, `album_id`, `media_id`) VALUES ('79', '79', '79');
INSERT INTO `photos` (`id`, `album_id`, `media_id`) VALUES ('80', '80', '80');
INSERT INTO `photos` (`id`, `album_id`, `media_id`) VALUES ('81', '81', '81');
INSERT INTO `photos` (`id`, `album_id`, `media_id`) VALUES ('82', '82', '82');
INSERT INTO `photos` (`id`, `album_id`, `media_id`) VALUES ('83', '83', '83');
INSERT INTO `photos` (`id`, `album_id`, `media_id`) VALUES ('84', '84', '84');
INSERT INTO `photos` (`id`, `album_id`, `media_id`) VALUES ('85', '85', '85');
INSERT INTO `photos` (`id`, `album_id`, `media_id`) VALUES ('86', '86', '86');
INSERT INTO `photos` (`id`, `album_id`, `media_id`) VALUES ('87', '87', '87');
INSERT INTO `photos` (`id`, `album_id`, `media_id`) VALUES ('88', '88', '88');
INSERT INTO `photos` (`id`, `album_id`, `media_id`) VALUES ('89', '89', '89');
INSERT INTO `photos` (`id`, `album_id`, `media_id`) VALUES ('90', '90', '90');
INSERT INTO `photos` (`id`, `album_id`, `media_id`) VALUES ('91', '91', '91');
INSERT INTO `photos` (`id`, `album_id`, `media_id`) VALUES ('92', '92', '92');
INSERT INTO `photos` (`id`, `album_id`, `media_id`) VALUES ('93', '93', '93');
INSERT INTO `photos` (`id`, `album_id`, `media_id`) VALUES ('94', '94', '94');
INSERT INTO `photos` (`id`, `album_id`, `media_id`) VALUES ('95', '95', '95');
INSERT INTO `photos` (`id`, `album_id`, `media_id`) VALUES ('96', '96', '96');
INSERT INTO `photos` (`id`, `album_id`, `media_id`) VALUES ('97', '97', '97');
INSERT INTO `photos` (`id`, `album_id`, `media_id`) VALUES ('98', '98', '98');
INSERT INTO `photos` (`id`, `album_id`, `media_id`) VALUES ('99', '99', '99');
INSERT INTO `photos` (`id`, `album_id`, `media_id`) VALUES ('100', '100', '100');


#
# TABLE STRUCTURE FOR: profiles
#

DROP TABLE IF EXISTS `profiles`;

CREATE TABLE `profiles` (
  `user_id` bigint(20) unsigned NOT NULL,
  `gender` char(1) COLLATE utf8mb4_unicode_ci DEFAULT NULL,
  `birthday` date DEFAULT NULL,
  `photo_id` bigint(20) unsigned NOT NULL,
  `created_at` datetime DEFAULT current_timestamp(),
  `hometown` varchar(100) COLLATE utf8mb4_unicode_ci DEFAULT NULL,
  UNIQUE KEY `user_id` (`user_id`),
  KEY `profiles_fk_1` (`photo_id`),
  CONSTRAINT `fk_user_id` FOREIGN KEY (`user_id`) REFERENCES `users` (`id`) ON DELETE NO ACTION ON UPDATE CASCADE,
  CONSTRAINT `profiles_fk_1` FOREIGN KEY (`photo_id`) REFERENCES `media` (`id`)
) ENGINE=InnoDB DEFAULT CHARSET=utf8mb4 COLLATE=utf8mb4_unicode_ci;

INSERT INTO `profiles` (`user_id`, `gender`, `birthday`, `photo_id`, `created_at`, `hometown`) VALUES ('201', 'm', '2015-11-13', '1', '2007-09-19 03:19:38', 'Lake Yvette');
INSERT INTO `profiles` (`user_id`, `gender`, `birthday`, `photo_id`, `created_at`, `hometown`) VALUES ('202', 'm', '1995-11-17', '2', '1984-06-16 09:49:31', 'O\'Connerside');
INSERT INTO `profiles` (`user_id`, `gender`, `birthday`, `photo_id`, `created_at`, `hometown`) VALUES ('203', 'f', '2020-06-09', '3', '1983-08-25 02:50:58', 'Port Earnestine');
INSERT INTO `profiles` (`user_id`, `gender`, `birthday`, `photo_id`, `created_at`, `hometown`) VALUES ('205', 'm', '2001-06-24', '4', '2013-01-10 15:30:48', 'Lake Daisha');
INSERT INTO `profiles` (`user_id`, `gender`, `birthday`, `photo_id`, `created_at`, `hometown`) VALUES ('206', 'f', '1979-09-14', '5', '2003-06-12 06:16:37', 'Dibberthaven');
INSERT INTO `profiles` (`user_id`, `gender`, `birthday`, `photo_id`, `created_at`, `hometown`) VALUES ('210', 'f', '2013-02-02', '6', '2012-05-29 18:57:27', 'Stoltenbergville');
INSERT INTO `profiles` (`user_id`, `gender`, `birthday`, `photo_id`, `created_at`, `hometown`) VALUES ('213', 'f', '1987-07-10', '7', '2007-10-01 16:41:29', 'Tabithashire');
INSERT INTO `profiles` (`user_id`, `gender`, `birthday`, `photo_id`, `created_at`, `hometown`) VALUES ('214', 'm', '2011-08-04', '8', '1978-04-15 13:32:10', 'West Berthafort');
INSERT INTO `profiles` (`user_id`, `gender`, `birthday`, `photo_id`, `created_at`, `hometown`) VALUES ('215', 'm', '2007-12-22', '9', '1970-05-19 23:49:40', 'Strackeland');
INSERT INTO `profiles` (`user_id`, `gender`, `birthday`, `photo_id`, `created_at`, `hometown`) VALUES ('216', 'm', '1994-07-11', '10', '2020-05-28 07:55:42', 'Tabithatown');
INSERT INTO `profiles` (`user_id`, `gender`, `birthday`, `photo_id`, `created_at`, `hometown`) VALUES ('217', 'f', '1974-04-07', '11', '2006-05-10 09:41:13', 'Bretchester');
INSERT INTO `profiles` (`user_id`, `gender`, `birthday`, `photo_id`, `created_at`, `hometown`) VALUES ('218', 'm', '1976-11-27', '12', '2018-11-16 21:33:19', 'New Lenna');
INSERT INTO `profiles` (`user_id`, `gender`, `birthday`, `photo_id`, `created_at`, `hometown`) VALUES ('220', 'm', '2001-01-25', '13', '2005-05-02 01:57:20', 'Freemanside');
INSERT INTO `profiles` (`user_id`, `gender`, `birthday`, `photo_id`, `created_at`, `hometown`) VALUES ('221', 'f', '1979-08-21', '14', '1994-07-03 15:02:32', 'Alyssonborough');
INSERT INTO `profiles` (`user_id`, `gender`, `birthday`, `photo_id`, `created_at`, `hometown`) VALUES ('222', 'm', '2001-02-11', '15', '2000-09-08 14:59:47', 'Lake Luzview');
INSERT INTO `profiles` (`user_id`, `gender`, `birthday`, `photo_id`, `created_at`, `hometown`) VALUES ('223', 'f', '2015-07-17', '16', '2017-01-07 04:22:01', 'Port Elveraville');
INSERT INTO `profiles` (`user_id`, `gender`, `birthday`, `photo_id`, `created_at`, `hometown`) VALUES ('224', 'm', '2016-07-07', '17', '1985-10-26 06:06:25', 'New Araceli');
INSERT INTO `profiles` (`user_id`, `gender`, `birthday`, `photo_id`, `created_at`, `hometown`) VALUES ('225', 'm', '1982-03-04', '18', '2017-09-06 18:31:47', 'North Wiltonburgh');
INSERT INTO `profiles` (`user_id`, `gender`, `birthday`, `photo_id`, `created_at`, `hometown`) VALUES ('226', 'm', '1984-05-24', '19', '1970-02-01 02:41:51', 'Trompbury');
INSERT INTO `profiles` (`user_id`, `gender`, `birthday`, `photo_id`, `created_at`, `hometown`) VALUES ('227', 'm', '1977-04-19', '20', '1993-02-15 10:43:02', 'Port Cloydshire');
INSERT INTO `profiles` (`user_id`, `gender`, `birthday`, `photo_id`, `created_at`, `hometown`) VALUES ('228', 'f', '1994-05-13', '21', '1995-09-26 14:52:37', 'Lake Lewville');
INSERT INTO `profiles` (`user_id`, `gender`, `birthday`, `photo_id`, `created_at`, `hometown`) VALUES ('229', 'f', '2009-06-27', '22', '2006-04-21 07:30:08', 'West Krystinahaven');
INSERT INTO `profiles` (`user_id`, `gender`, `birthday`, `photo_id`, `created_at`, `hometown`) VALUES ('230', 'f', '1985-04-06', '23', '1979-07-05 14:29:16', 'Reichelstad');
INSERT INTO `profiles` (`user_id`, `gender`, `birthday`, `photo_id`, `created_at`, `hometown`) VALUES ('231', 'm', '2011-07-01', '24', '1988-12-22 09:32:48', 'Lake Rosefort');
INSERT INTO `profiles` (`user_id`, `gender`, `birthday`, `photo_id`, `created_at`, `hometown`) VALUES ('233', 'f', '2020-06-17', '25', '2001-09-03 14:58:54', 'Thorashire');
INSERT INTO `profiles` (`user_id`, `gender`, `birthday`, `photo_id`, `created_at`, `hometown`) VALUES ('235', 'f', '2005-10-22', '26', '1973-06-05 13:14:38', 'New Brendan');
INSERT INTO `profiles` (`user_id`, `gender`, `birthday`, `photo_id`, `created_at`, `hometown`) VALUES ('236', 'f', '1989-06-01', '27', '1983-06-01 22:01:06', 'Hintzbury');
INSERT INTO `profiles` (`user_id`, `gender`, `birthday`, `photo_id`, `created_at`, `hometown`) VALUES ('239', 'm', '1979-09-02', '28', '2019-12-07 06:46:26', 'Laurettachester');
INSERT INTO `profiles` (`user_id`, `gender`, `birthday`, `photo_id`, `created_at`, `hometown`) VALUES ('240', 'm', '2004-10-23', '29', '1999-06-17 11:21:59', 'Huelfort');
INSERT INTO `profiles` (`user_id`, `gender`, `birthday`, `photo_id`, `created_at`, `hometown`) VALUES ('242', 'm', '2019-07-19', '30', '2015-11-30 16:28:44', 'Nadiaborough');
INSERT INTO `profiles` (`user_id`, `gender`, `birthday`, `photo_id`, `created_at`, `hometown`) VALUES ('245', 'm', '1994-05-17', '31', '1995-06-22 02:58:12', 'Lake Khalidburgh');
INSERT INTO `profiles` (`user_id`, `gender`, `birthday`, `photo_id`, `created_at`, `hometown`) VALUES ('246', 'f', '1983-07-09', '32', '2002-05-22 00:27:19', 'Pollichborough');
INSERT INTO `profiles` (`user_id`, `gender`, `birthday`, `photo_id`, `created_at`, `hometown`) VALUES ('248', 'm', '1971-05-22', '33', '2010-03-06 05:10:38', 'West Mckenzie');
INSERT INTO `profiles` (`user_id`, `gender`, `birthday`, `photo_id`, `created_at`, `hometown`) VALUES ('249', 'f', '1992-06-13', '34', '2020-11-21 01:26:38', 'Spencerview');
INSERT INTO `profiles` (`user_id`, `gender`, `birthday`, `photo_id`, `created_at`, `hometown`) VALUES ('251', 'm', '1970-07-14', '35', '1971-12-05 19:47:43', 'New Benedict');
INSERT INTO `profiles` (`user_id`, `gender`, `birthday`, `photo_id`, `created_at`, `hometown`) VALUES ('252', 'f', '1975-10-31', '36', '1970-06-12 08:12:06', 'Moriahtown');
INSERT INTO `profiles` (`user_id`, `gender`, `birthday`, `photo_id`, `created_at`, `hometown`) VALUES ('253', 'm', '2010-04-05', '37', '2013-08-13 17:44:55', 'South Judsonside');
INSERT INTO `profiles` (`user_id`, `gender`, `birthday`, `photo_id`, `created_at`, `hometown`) VALUES ('254', 'm', '1992-11-25', '38', '2013-04-21 18:17:02', 'East Elmo');
INSERT INTO `profiles` (`user_id`, `gender`, `birthday`, `photo_id`, `created_at`, `hometown`) VALUES ('255', 'f', '1974-10-23', '39', '1995-11-30 02:56:29', 'Port Leola');
INSERT INTO `profiles` (`user_id`, `gender`, `birthday`, `photo_id`, `created_at`, `hometown`) VALUES ('257', 'm', '2009-07-09', '40', '1976-07-01 06:39:48', 'Juniorbury');
INSERT INTO `profiles` (`user_id`, `gender`, `birthday`, `photo_id`, `created_at`, `hometown`) VALUES ('258', 'f', '2021-10-20', '41', '2001-04-15 01:41:05', 'South Toyshire');
INSERT INTO `profiles` (`user_id`, `gender`, `birthday`, `photo_id`, `created_at`, `hometown`) VALUES ('259', 'f', '1997-09-06', '42', '1985-06-06 17:12:56', 'Armstrongstad');
INSERT INTO `profiles` (`user_id`, `gender`, `birthday`, `photo_id`, `created_at`, `hometown`) VALUES ('260', 'f', '1989-07-26', '43', '1985-08-11 14:05:33', 'Kassulkefort');
INSERT INTO `profiles` (`user_id`, `gender`, `birthday`, `photo_id`, `created_at`, `hometown`) VALUES ('263', 'm', '2011-09-22', '44', '1981-04-17 05:32:34', 'East Judyfurt');
INSERT INTO `profiles` (`user_id`, `gender`, `birthday`, `photo_id`, `created_at`, `hometown`) VALUES ('265', 'f', '2019-01-04', '45', '1971-03-22 19:36:41', 'Dejuanbury');
INSERT INTO `profiles` (`user_id`, `gender`, `birthday`, `photo_id`, `created_at`, `hometown`) VALUES ('266', 'm', '1978-12-10', '46', '1991-03-25 06:14:31', 'South Edmund');
INSERT INTO `profiles` (`user_id`, `gender`, `birthday`, `photo_id`, `created_at`, `hometown`) VALUES ('268', 'f', '2016-02-16', '47', '2022-09-27 01:20:08', 'Lake Carolanne');
INSERT INTO `profiles` (`user_id`, `gender`, `birthday`, `photo_id`, `created_at`, `hometown`) VALUES ('269', 'f', '1977-08-23', '48', '1989-03-25 13:45:36', 'East Blanche');
INSERT INTO `profiles` (`user_id`, `gender`, `birthday`, `photo_id`, `created_at`, `hometown`) VALUES ('270', 'm', '1973-08-21', '49', '2000-02-15 21:31:02', 'South Jennings');
INSERT INTO `profiles` (`user_id`, `gender`, `birthday`, `photo_id`, `created_at`, `hometown`) VALUES ('275', 'f', '2013-04-15', '50', '1990-01-22 00:38:06', 'East Alia');
INSERT INTO `profiles` (`user_id`, `gender`, `birthday`, `photo_id`, `created_at`, `hometown`) VALUES ('276', 'f', '2018-07-22', '51', '1978-02-14 18:37:45', 'Mayehaven');
INSERT INTO `profiles` (`user_id`, `gender`, `birthday`, `photo_id`, `created_at`, `hometown`) VALUES ('277', 'm', '1987-06-26', '52', '1997-06-01 14:54:51', 'Trompborough');
INSERT INTO `profiles` (`user_id`, `gender`, `birthday`, `photo_id`, `created_at`, `hometown`) VALUES ('278', 'm', '1987-02-06', '53', '2022-05-05 03:43:58', 'Port Nestorburgh');
INSERT INTO `profiles` (`user_id`, `gender`, `birthday`, `photo_id`, `created_at`, `hometown`) VALUES ('279', 'm', '2002-02-20', '54', '1994-01-02 03:08:13', 'Stammland');
INSERT INTO `profiles` (`user_id`, `gender`, `birthday`, `photo_id`, `created_at`, `hometown`) VALUES ('281', 'm', '2014-04-18', '55', '2009-11-05 16:32:28', 'West Rafael');
INSERT INTO `profiles` (`user_id`, `gender`, `birthday`, `photo_id`, `created_at`, `hometown`) VALUES ('282', 'm', '1995-05-02', '56', '2010-12-29 15:43:17', 'Marlenmouth');
INSERT INTO `profiles` (`user_id`, `gender`, `birthday`, `photo_id`, `created_at`, `hometown`) VALUES ('283', 'm', '1978-09-18', '57', '2004-12-09 02:44:58', 'Bashirianbury');
INSERT INTO `profiles` (`user_id`, `gender`, `birthday`, `photo_id`, `created_at`, `hometown`) VALUES ('284', 'f', '1995-07-22', '58', '1998-01-12 21:13:38', 'Mohrmouth');
INSERT INTO `profiles` (`user_id`, `gender`, `birthday`, `photo_id`, `created_at`, `hometown`) VALUES ('285', 'f', '1987-11-24', '59', '1976-05-01 20:55:13', 'South Rahsaan');
INSERT INTO `profiles` (`user_id`, `gender`, `birthday`, `photo_id`, `created_at`, `hometown`) VALUES ('286', 'f', '1980-04-15', '60', '1970-08-08 22:29:37', 'Kingtown');
INSERT INTO `profiles` (`user_id`, `gender`, `birthday`, `photo_id`, `created_at`, `hometown`) VALUES ('287', 'f', '1982-06-03', '61', '1987-07-25 21:24:10', 'Schmitthaven');
INSERT INTO `profiles` (`user_id`, `gender`, `birthday`, `photo_id`, `created_at`, `hometown`) VALUES ('288', 'm', '1985-05-28', '62', '2015-02-08 22:09:25', 'Port Krystel');
INSERT INTO `profiles` (`user_id`, `gender`, `birthday`, `photo_id`, `created_at`, `hometown`) VALUES ('290', 'f', '2007-10-23', '63', '1978-09-17 02:00:18', 'North Alvinamouth');
INSERT INTO `profiles` (`user_id`, `gender`, `birthday`, `photo_id`, `created_at`, `hometown`) VALUES ('291', 'm', '1983-01-28', '64', '2021-10-08 10:33:43', 'East Gregoria');
INSERT INTO `profiles` (`user_id`, `gender`, `birthday`, `photo_id`, `created_at`, `hometown`) VALUES ('292', 'm', '1984-11-06', '65', '2014-10-07 00:30:46', 'New Martina');
INSERT INTO `profiles` (`user_id`, `gender`, `birthday`, `photo_id`, `created_at`, `hometown`) VALUES ('293', 'f', '1976-04-07', '66', '2005-08-03 18:49:17', 'North Adahbury');
INSERT INTO `profiles` (`user_id`, `gender`, `birthday`, `photo_id`, `created_at`, `hometown`) VALUES ('294', 'f', '2007-04-24', '67', '2013-01-08 12:19:47', 'Lake Devanteberg');
INSERT INTO `profiles` (`user_id`, `gender`, `birthday`, `photo_id`, `created_at`, `hometown`) VALUES ('295', 'm', '1992-08-03', '68', '2003-01-07 13:01:30', 'West Jaynemouth');
INSERT INTO `profiles` (`user_id`, `gender`, `birthday`, `photo_id`, `created_at`, `hometown`) VALUES ('296', 'f', '2015-08-17', '69', '2005-11-01 22:25:45', 'Port Jailynbury');
INSERT INTO `profiles` (`user_id`, `gender`, `birthday`, `photo_id`, `created_at`, `hometown`) VALUES ('297', 'm', '1971-11-04', '70', '1985-07-19 19:03:29', 'North Raegan');
INSERT INTO `profiles` (`user_id`, `gender`, `birthday`, `photo_id`, `created_at`, `hometown`) VALUES ('298', 'm', '2012-04-28', '71', '1971-05-06 08:23:14', 'West Rollinbury');
INSERT INTO `profiles` (`user_id`, `gender`, `birthday`, `photo_id`, `created_at`, `hometown`) VALUES ('299', 'm', '1974-09-03', '72', '2015-11-16 00:53:28', 'Frederickville');
INSERT INTO `profiles` (`user_id`, `gender`, `birthday`, `photo_id`, `created_at`, `hometown`) VALUES ('301', 'm', '2014-09-27', '73', '1970-02-03 09:37:29', 'South Lavon');
INSERT INTO `profiles` (`user_id`, `gender`, `birthday`, `photo_id`, `created_at`, `hometown`) VALUES ('305', 'f', '2007-04-10', '74', '2017-01-04 07:31:47', 'Guadalupechester');
INSERT INTO `profiles` (`user_id`, `gender`, `birthday`, `photo_id`, `created_at`, `hometown`) VALUES ('306', 'm', '1996-10-16', '75', '2019-04-23 10:14:30', 'New Lorna');
INSERT INTO `profiles` (`user_id`, `gender`, `birthday`, `photo_id`, `created_at`, `hometown`) VALUES ('307', 'm', '1975-12-19', '76', '2009-03-12 17:13:56', 'Rossiefurt');
INSERT INTO `profiles` (`user_id`, `gender`, `birthday`, `photo_id`, `created_at`, `hometown`) VALUES ('309', 'f', '2009-07-21', '77', '1994-07-20 20:43:11', 'West Kameron');
INSERT INTO `profiles` (`user_id`, `gender`, `birthday`, `photo_id`, `created_at`, `hometown`) VALUES ('313', 'm', '1970-03-27', '78', '2000-02-07 15:37:53', 'Abbottport');
INSERT INTO `profiles` (`user_id`, `gender`, `birthday`, `photo_id`, `created_at`, `hometown`) VALUES ('314', 'f', '2006-10-30', '79', '2017-01-18 05:37:39', 'Port Olaf');
INSERT INTO `profiles` (`user_id`, `gender`, `birthday`, `photo_id`, `created_at`, `hometown`) VALUES ('316', 'f', '2016-08-09', '80', '1989-01-07 15:32:51', 'West Kristian');
INSERT INTO `profiles` (`user_id`, `gender`, `birthday`, `photo_id`, `created_at`, `hometown`) VALUES ('318', 'm', '1976-03-28', '81', '1976-02-01 07:31:16', 'New Ayana');
INSERT INTO `profiles` (`user_id`, `gender`, `birthday`, `photo_id`, `created_at`, `hometown`) VALUES ('319', 'f', '2019-11-17', '82', '2009-06-15 04:52:58', 'North Skylarmouth');
INSERT INTO `profiles` (`user_id`, `gender`, `birthday`, `photo_id`, `created_at`, `hometown`) VALUES ('320', 'm', '2005-04-29', '83', '1983-09-03 17:19:26', 'South Beauburgh');
INSERT INTO `profiles` (`user_id`, `gender`, `birthday`, `photo_id`, `created_at`, `hometown`) VALUES ('321', 'm', '1981-09-03', '84', '2020-08-20 00:06:17', 'Rubiebury');
INSERT INTO `profiles` (`user_id`, `gender`, `birthday`, `photo_id`, `created_at`, `hometown`) VALUES ('323', 'm', '2013-01-12', '85', '2014-12-04 13:39:12', 'Bruenview');
INSERT INTO `profiles` (`user_id`, `gender`, `birthday`, `photo_id`, `created_at`, `hometown`) VALUES ('324', 'm', '2009-12-04', '86', '2016-08-12 02:04:54', 'New Merl');
INSERT INTO `profiles` (`user_id`, `gender`, `birthday`, `photo_id`, `created_at`, `hometown`) VALUES ('325', 'm', '1991-03-21', '87', '2015-06-20 19:33:26', 'West Beverly');
INSERT INTO `profiles` (`user_id`, `gender`, `birthday`, `photo_id`, `created_at`, `hometown`) VALUES ('327', 'f', '2020-05-04', '88', '1994-12-04 09:51:52', 'West Douglas');
INSERT INTO `profiles` (`user_id`, `gender`, `birthday`, `photo_id`, `created_at`, `hometown`) VALUES ('328', 'f', '2005-11-30', '89', '1984-12-13 19:52:58', 'East Frederic');
INSERT INTO `profiles` (`user_id`, `gender`, `birthday`, `photo_id`, `created_at`, `hometown`) VALUES ('330', 'm', '1970-06-27', '90', '1984-09-02 11:53:13', 'Burdetteburgh');
INSERT INTO `profiles` (`user_id`, `gender`, `birthday`, `photo_id`, `created_at`, `hometown`) VALUES ('331', 'm', '1998-10-22', '91', '2018-10-08 20:51:34', 'East Mavis');
INSERT INTO `profiles` (`user_id`, `gender`, `birthday`, `photo_id`, `created_at`, `hometown`) VALUES ('332', 'm', '2005-07-23', '92', '1997-05-15 10:10:02', 'Lake Eugeniafurt');
INSERT INTO `profiles` (`user_id`, `gender`, `birthday`, `photo_id`, `created_at`, `hometown`) VALUES ('333', 'm', '2012-04-05', '93', '1994-11-09 17:19:36', 'Traceberg');
INSERT INTO `profiles` (`user_id`, `gender`, `birthday`, `photo_id`, `created_at`, `hometown`) VALUES ('335', 'f', '2009-09-26', '94', '1981-12-31 10:12:54', 'Schoenstad');
INSERT INTO `profiles` (`user_id`, `gender`, `birthday`, `photo_id`, `created_at`, `hometown`) VALUES ('336', 'm', '1989-10-13', '95', '2016-03-03 22:48:20', 'Rauport');
INSERT INTO `profiles` (`user_id`, `gender`, `birthday`, `photo_id`, `created_at`, `hometown`) VALUES ('337', 'm', '2022-05-11', '96', '2014-09-09 12:21:01', 'South Velvafurt');
INSERT INTO `profiles` (`user_id`, `gender`, `birthday`, `photo_id`, `created_at`, `hometown`) VALUES ('341', 'f', '1977-08-29', '97', '1981-11-15 01:44:41', 'East Karlburgh');
INSERT INTO `profiles` (`user_id`, `gender`, `birthday`, `photo_id`, `created_at`, `hometown`) VALUES ('343', 'f', '1971-01-27', '98', '1999-11-11 22:43:56', 'Taylorfurt');
INSERT INTO `profiles` (`user_id`, `gender`, `birthday`, `photo_id`, `created_at`, `hometown`) VALUES ('345', 'm', '1988-06-18', '99', '1982-01-23 23:02:23', 'Hirtheshire');
INSERT INTO `profiles` (`user_id`, `gender`, `birthday`, `photo_id`, `created_at`, `hometown`) VALUES ('348', 'f', '2001-06-26', '100', '1976-12-14 19:14:57', 'East Karolann');


#
# TABLE STRUCTURE FOR: users
#

DROP TABLE IF EXISTS `users`;

CREATE TABLE `users` (
  `id` bigint(20) unsigned NOT NULL AUTO_INCREMENT,
  `firstname` varchar(50) COLLATE utf8mb4_unicode_ci DEFAULT NULL,
  `lastname` varchar(50) COLLATE utf8mb4_unicode_ci DEFAULT NULL COMMENT '',
  `email` varchar(120) COLLATE utf8mb4_unicode_ci DEFAULT NULL,
  `password_hash` varchar(100) COLLATE utf8mb4_unicode_ci DEFAULT NULL,
  `phone` bigint(20) unsigned DEFAULT NULL,
  PRIMARY KEY (`id`),
  UNIQUE KEY `email` (`email`),
  UNIQUE KEY `phone` (`phone`),
  KEY `users_firstname_lastname_idx` (`firstname`,`lastname`)
) ENGINE=InnoDB AUTO_INCREMENT=401 DEFAULT CHARSET=utf8mb4 COLLATE=utf8mb4_unicode_ci COMMENT='';

INSERT INTO `users` (`id`, `firstname`, `lastname`, `email`, `password_hash`, `phone`) VALUES ('201', 'Jerrod', 'Gleichner', 'ledner.olin@example.com', '2784d69bed4c9b3e1eba8acadbd827ef666a610f', '0');
INSERT INTO `users` (`id`, `firstname`, `lastname`, `email`, `password_hash`, `phone`) VALUES ('202', 'Patience', 'Windler', 'zachery.satterfield@example.net', 'f5635e0b5dac0cf369424de53a3888878b648089', '1');
INSERT INTO `users` (`id`, `firstname`, `lastname`, `email`, `password_hash`, `phone`) VALUES ('203', 'Cedrick', 'Auer', 'colton.littel@example.org', 'd379b1133bdaa289576cab9b6f23a63efc4ce86c', '68');
INSERT INTO `users` (`id`, `firstname`, `lastname`, `email`, `password_hash`, `phone`) VALUES ('205', 'Cleta', 'Dooley', 'tbeatty@example.org', '79f1d77ddee77242ee2f43a21605f38df9830bed', '639');
INSERT INTO `users` (`id`, `firstname`, `lastname`, `email`, `password_hash`, `phone`) VALUES ('206', 'Bridget', 'Wolf', 'nhagenes@example.com', '5d1cecbb541f67f2b00540b884b5e3c3cf349454', '719');
INSERT INTO `users` (`id`, `firstname`, `lastname`, `email`, `password_hash`, `phone`) VALUES ('210', 'Marilyne', 'Hammes', 'jamar64@example.org', '6ffad5c491e2626ed542ee584e1ae5185a42d630', '778331');
INSERT INTO `users` (`id`, `firstname`, `lastname`, `email`, `password_hash`, `phone`) VALUES ('213', 'Gaylord', 'Cremin', 'buck.leannon@example.net', 'f6ff109baad6a8d9a8f7a230faf00af2e1bb69e4', '539101');
INSERT INTO `users` (`id`, `firstname`, `lastname`, `email`, `password_hash`, `phone`) VALUES ('214', 'Burnice', 'Huels', 'barry72@example.net', 'd46cdc5b9fb10acfc928b2c0bb5c909b91a5d67b', '712195');
INSERT INTO `users` (`id`, `firstname`, `lastname`, `email`, `password_hash`, `phone`) VALUES ('215', 'Shirley', 'Jones', 'raoul60@example.net', '6eedf727722f753239a79746274df6b5b30e75cb', '151460');
INSERT INTO `users` (`id`, `firstname`, `lastname`, `email`, `password_hash`, `phone`) VALUES ('216', 'Raul', 'Morar', 'curtis.weber@example.net', '1571a2c6d726898591886f400e92b5c87b5816a1', '50');
INSERT INTO `users` (`id`, `firstname`, `lastname`, `email`, `password_hash`, `phone`) VALUES ('217', 'Sasha', 'Stehr', 'rlabadie@example.org', 'd870eb471b7adf1ace3aaefaeb05711668c2fc23', '1359978383');
INSERT INTO `users` (`id`, `firstname`, `lastname`, `email`, `password_hash`, `phone`) VALUES ('218', 'Brandt', 'King', 'botsford.devyn@example.net', '66b85f22a2d853308545f09f8fe6c0b1af0da22d', '58');
INSERT INTO `users` (`id`, `firstname`, `lastname`, `email`, `password_hash`, `phone`) VALUES ('220', 'Rodrick', 'Sawayn', 'petra04@example.net', '553f7773377d8f6efc6d2842a9b2e850dfb90c1d', '173733');
INSERT INTO `users` (`id`, `firstname`, `lastname`, `email`, `password_hash`, `phone`) VALUES ('221', 'Jovanny', 'Stamm', 'feest.ivah@example.org', 'd7a546db2f1c9f92e1cff5067553b394e9674558', '4830812211');
INSERT INTO `users` (`id`, `firstname`, `lastname`, `email`, `password_hash`, `phone`) VALUES ('222', 'Maye', 'Hagenes', 'eklocko@example.com', 'f004b29440d64b583154a1b7f456708d066f7d09', '172451');
INSERT INTO `users` (`id`, `firstname`, `lastname`, `email`, `password_hash`, `phone`) VALUES ('223', 'Anika', 'Gottlieb', 'josh.fritsch@example.org', 'cdb4995144af77c1a3b52704bca9fbacce815dd3', '564484155');
INSERT INTO `users` (`id`, `firstname`, `lastname`, `email`, `password_hash`, `phone`) VALUES ('224', 'Daija', 'Mills', 'faye43@example.net', '10824edc904154865085dae39742d12f54b1043c', '76230');
INSERT INTO `users` (`id`, `firstname`, `lastname`, `email`, `password_hash`, `phone`) VALUES ('225', 'Murphy', 'Casper', 'mertie.muller@example.net', 'cf18cb1261451d3e2c4125b49c83b8d2a9522369', '699225');
INSERT INTO `users` (`id`, `firstname`, `lastname`, `email`, `password_hash`, `phone`) VALUES ('226', 'Faustino', 'Koss', 'kshlerin.clotilde@example.net', '91ed58a6d02676db2bec0074b9813a83d71ab390', '77');
INSERT INTO `users` (`id`, `firstname`, `lastname`, `email`, `password_hash`, `phone`) VALUES ('227', 'Harrison', 'Donnelly', 'kody.king@example.net', '9fc8be4ecb36ebedf04d542b3d458f311fc6926b', '997');
INSERT INTO `users` (`id`, `firstname`, `lastname`, `email`, `password_hash`, `phone`) VALUES ('228', 'Lee', 'Fadel', 'runolfsson.emilie@example.org', 'b507b3eeae2d224606048ae6fae2892e08e459ae', '469');
INSERT INTO `users` (`id`, `firstname`, `lastname`, `email`, `password_hash`, `phone`) VALUES ('229', 'Cathy', 'Lebsack', 'dhilll@example.org', '093a30a323dda6c81e6b16a4b18aa12e10045824', '357739');
INSERT INTO `users` (`id`, `firstname`, `lastname`, `email`, `password_hash`, `phone`) VALUES ('230', 'Ellie', 'Shields', 'zieme.cierra@example.net', '2f12b12412f6461d269322c949108dfad37644dc', '5509039229');
INSERT INTO `users` (`id`, `firstname`, `lastname`, `email`, `password_hash`, `phone`) VALUES ('231', 'Xavier', 'Dicki', 'fdenesik@example.com', 'acd5e89f769a8bbe47362570beeeef36dc7dd364', '557');
INSERT INTO `users` (`id`, `firstname`, `lastname`, `email`, `password_hash`, `phone`) VALUES ('233', 'Barrett', 'Kling', 'vincenza27@example.net', '7bcee39ea0bb2117840d971601590fbfd69b554a', '298120');
INSERT INTO `users` (`id`, `firstname`, `lastname`, `email`, `password_hash`, `phone`) VALUES ('235', 'Bell', 'Stark', 'keichmann@example.org', '2726299427023229b46b4b829c304553835ec32d', '976');
INSERT INTO `users` (`id`, `firstname`, `lastname`, `email`, `password_hash`, `phone`) VALUES ('236', 'Trycia', 'Wolf', 'hdaniel@example.com', 'f77c7dc80c16e5059c6570c76f8715de29641bad', '903031');
INSERT INTO `users` (`id`, `firstname`, `lastname`, `email`, `password_hash`, `phone`) VALUES ('239', 'Crawford', 'Gorczany', 'bhilll@example.org', 'e7bb2dba5ce8fc8743f10d64b1fe57de896436d2', '269454');
INSERT INTO `users` (`id`, `firstname`, `lastname`, `email`, `password_hash`, `phone`) VALUES ('240', 'Virginie', 'Fadel', 'herminio.raynor@example.com', '0ab241dc35923b77ce9a5e4ed9d8decd7ea08c73', '593');
INSERT INTO `users` (`id`, `firstname`, `lastname`, `email`, `password_hash`, `phone`) VALUES ('242', 'Zoe', 'Wilkinson', 'diamond57@example.org', 'acde2af7ced90aaf59d0699c54c890bbfb99cdf6', '160');
INSERT INTO `users` (`id`, `firstname`, `lastname`, `email`, `password_hash`, `phone`) VALUES ('245', 'Esteban', 'McClure', 'adella57@example.com', '191f8eaa616d43a93868575851fcf0246caad478', '110');
INSERT INTO `users` (`id`, `firstname`, `lastname`, `email`, `password_hash`, `phone`) VALUES ('246', 'Camylle', 'Denesik', 'jromaguera@example.org', '2bc50aa41749c62a39bf35a33050da6546ba6211', '533264');
INSERT INTO `users` (`id`, `firstname`, `lastname`, `email`, `password_hash`, `phone`) VALUES ('248', 'Emmanuelle', 'Luettgen', 'vschimmel@example.com', '1b96175db2ab481e147570f97261330167fcebb0', '282189');
INSERT INTO `users` (`id`, `firstname`, `lastname`, `email`, `password_hash`, `phone`) VALUES ('249', 'Florence', 'Runolfsdottir', 'sschultz@example.net', '3e980a20ed6034c5583b82792a811d13d5db5b3d', '439590');
INSERT INTO `users` (`id`, `firstname`, `lastname`, `email`, `password_hash`, `phone`) VALUES ('251', 'Evangeline', 'Hilpert', 'josie81@example.com', '9d57d6267f89eb8535ffa202119082342b4ed316', '814');
INSERT INTO `users` (`id`, `firstname`, `lastname`, `email`, `password_hash`, `phone`) VALUES ('252', 'Daisy', 'Krajcik', 'hand.efrain@example.org', 'a84f39a16dd1a4ab28d1963fd988dce44bd493ef', '433752');
INSERT INTO `users` (`id`, `firstname`, `lastname`, `email`, `password_hash`, `phone`) VALUES ('253', 'Cleo', 'Russel', 'rfeil@example.com', '416b607c42fbc9e076fb989c6e05de1d364fc3b1', '973581');
INSERT INTO `users` (`id`, `firstname`, `lastname`, `email`, `password_hash`, `phone`) VALUES ('254', 'Marlin', 'Kertzmann', 'terence.ortiz@example.org', 'c3f88b605cdbbe506ada58ea2beeeb668ccb55f2', '886454');
INSERT INTO `users` (`id`, `firstname`, `lastname`, `email`, `password_hash`, `phone`) VALUES ('255', 'Marietta', 'Botsford', 'berge.jerrold@example.com', 'ebcda48beadcac0a4ebe05afb01251a7ecd6daad', '167');
INSERT INTO `users` (`id`, `firstname`, `lastname`, `email`, `password_hash`, `phone`) VALUES ('257', 'Maiya', 'Carter', 'kevin.greenholt@example.com', '7a60f3f883a4c1cb19cb68ea35383dd647baf5f0', '904529');
INSERT INTO `users` (`id`, `firstname`, `lastname`, `email`, `password_hash`, `phone`) VALUES ('258', 'Marisa', 'Kulas', 'elwin.gusikowski@example.org', 'd80d4b066d06f9784769dae846119fe2418e248f', '3939134047');
INSERT INTO `users` (`id`, `firstname`, `lastname`, `email`, `password_hash`, `phone`) VALUES ('259', 'Adriel', 'Hauck', 'rboyer@example.com', '2f9f1e75cb2322948db84f0921bdcf68cf3d4b75', '358274');
INSERT INTO `users` (`id`, `firstname`, `lastname`, `email`, `password_hash`, `phone`) VALUES ('260', 'Julien', 'Stanton', 'arodriguez@example.org', 'e66f74affefcb423fbdac9f7adb901c2d6d3e04d', '46');
INSERT INTO `users` (`id`, `firstname`, `lastname`, `email`, `password_hash`, `phone`) VALUES ('263', 'Conrad', 'Monahan', 'aracely.jakubowski@example.com', '03adf3a04fa9fa1936b60900a1d12377554e029a', '565');
INSERT INTO `users` (`id`, `firstname`, `lastname`, `email`, `password_hash`, `phone`) VALUES ('265', 'Wava', 'Ratke', 'tiana12@example.org', '8003fa8cb40b3d13a931695f2b0083f62d5c1078', '124213');
INSERT INTO `users` (`id`, `firstname`, `lastname`, `email`, `password_hash`, `phone`) VALUES ('266', 'Hobart', 'Jacobson', 'tillman.alivia@example.org', '8e46523ad4bd0e9d18c0e7da84e6d85bd660fa01', '1495470087');
INSERT INTO `users` (`id`, `firstname`, `lastname`, `email`, `password_hash`, `phone`) VALUES ('268', 'Max', 'Batz', 'barton.sydni@example.com', 'f3cee6f6241b86a587259cbdf02bca8f17f693dd', '83');
INSERT INTO `users` (`id`, `firstname`, `lastname`, `email`, `password_hash`, `phone`) VALUES ('269', 'Dayana', 'Altenwerth', 'vida.effertz@example.com', '49cd7b924034c5dc0a72a658c288ea85b37170aa', '994');
INSERT INTO `users` (`id`, `firstname`, `lastname`, `email`, `password_hash`, `phone`) VALUES ('270', 'Gaetano', 'Mann', 'diamond.hodkiewicz@example.net', 'f69518da67ba0af659d1aa962163941c3a6f0051', '224240');
INSERT INTO `users` (`id`, `firstname`, `lastname`, `email`, `password_hash`, `phone`) VALUES ('275', 'Royal', 'Hills', 'odenesik@example.com', 'fc0673a9cc6be016b3aa03450804191c7c781888', '702554');
INSERT INTO `users` (`id`, `firstname`, `lastname`, `email`, `password_hash`, `phone`) VALUES ('276', 'Effie', 'Bednar', 'hilpert.carleton@example.org', 'af0fafdf877e17b6b3b9e9e745e55f4b3343eff5', '410292');
INSERT INTO `users` (`id`, `firstname`, `lastname`, `email`, `password_hash`, `phone`) VALUES ('277', 'Consuelo', 'Kautzer', 'schmitt.nathaniel@example.com', '6032652eccf5567d73069ea468b1c6eb05c62060', '3281346497');
INSERT INTO `users` (`id`, `firstname`, `lastname`, `email`, `password_hash`, `phone`) VALUES ('278', 'Maida', 'Emmerich', 'armando.hammes@example.net', '0e3722593de2f787385e360cbebe8e1ee34cd01e', '285');
INSERT INTO `users` (`id`, `firstname`, `lastname`, `email`, `password_hash`, `phone`) VALUES ('279', 'Rozella', 'Witting', 'gleason.modesto@example.com', 'c13ce6c71e65cad3d8822de36d1979e8f8d37ee7', '960281');
INSERT INTO `users` (`id`, `firstname`, `lastname`, `email`, `password_hash`, `phone`) VALUES ('281', 'Sigmund', 'Dooley', 'ladarius16@example.org', 'c3c2676522c8124af1be9a86a46f84cb9425ae46', '3734072307');
INSERT INTO `users` (`id`, `firstname`, `lastname`, `email`, `password_hash`, `phone`) VALUES ('282', 'Anna', 'Green', 'martin56@example.net', 'd3dfa9f452af22af150d1deb8b0580682c609276', '47');
INSERT INTO `users` (`id`, `firstname`, `lastname`, `email`, `password_hash`, `phone`) VALUES ('283', 'Clint', 'Emmerich', 'obeier@example.net', '618028ba6eac820cdd1244ad17da668034c1acce', '43');
INSERT INTO `users` (`id`, `firstname`, `lastname`, `email`, `password_hash`, `phone`) VALUES ('284', 'Bethany', 'Bashirian', 'winifred53@example.org', '3d51c105251e6c306d496f83db9f705c3daef13e', '7190134066');
INSERT INTO `users` (`id`, `firstname`, `lastname`, `email`, `password_hash`, `phone`) VALUES ('285', 'Patricia', 'Leffler', 'icartwright@example.org', 'b09de1b831f3e0eef15048d47b8709c4f099150c', '13061');
INSERT INTO `users` (`id`, `firstname`, `lastname`, `email`, `password_hash`, `phone`) VALUES ('286', 'Aliyah', 'Wisozk', 'jannie.schuppe@example.org', 'a547dc39f4e5c0419c733dfe3ef5dda4e07de817', '824');
INSERT INTO `users` (`id`, `firstname`, `lastname`, `email`, `password_hash`, `phone`) VALUES ('287', 'Carole', 'Ullrich', 'drew94@example.com', 'd50c808f183af9a664d525b46bbb0c2ce17b510e', '7363821800');
INSERT INTO `users` (`id`, `firstname`, `lastname`, `email`, `password_hash`, `phone`) VALUES ('288', 'Vita', 'Satterfield', 'meredith.king@example.com', '0894c8050388740f9cb408fede5c40700fb78180', '830005');
INSERT INTO `users` (`id`, `firstname`, `lastname`, `email`, `password_hash`, `phone`) VALUES ('290', 'Sid', 'Kuhic', 'eliane02@example.com', '952e903051c2a046188f38f7e181bbbb37c5264b', '293277');
INSERT INTO `users` (`id`, `firstname`, `lastname`, `email`, `password_hash`, `phone`) VALUES ('291', 'Johnny', 'Schiller', 'o\'conner.johnpaul@example.com', '6c09f079e73a74795ea60d03a321c45a97db8441', '500');
INSERT INTO `users` (`id`, `firstname`, `lastname`, `email`, `password_hash`, `phone`) VALUES ('292', 'Kelton', 'Dibbert', 'padberg.lemuel@example.org', '178d8be7d564ad67ff0e6cc9bb80f1e578110443', '485');
INSERT INTO `users` (`id`, `firstname`, `lastname`, `email`, `password_hash`, `phone`) VALUES ('293', 'Charlie', 'Reinger', 'adelia62@example.com', '28b57a08bc7b69165d6a5c9c72efa41fd3948db3', '585');
INSERT INTO `users` (`id`, `firstname`, `lastname`, `email`, `password_hash`, `phone`) VALUES ('294', 'Laron', 'Hermiston', 'nella.mcclure@example.com', '2e5caa48dc7d9922b6ab237af1e32d82ec3be638', '924');
INSERT INTO `users` (`id`, `firstname`, `lastname`, `email`, `password_hash`, `phone`) VALUES ('295', 'Branson', 'Barrows', 'runolfsdottir.eula@example.com', '13869d5d1ac2afb00f4c2d37e64967c5f1e4eadd', '5489110556');
INSERT INTO `users` (`id`, `firstname`, `lastname`, `email`, `password_hash`, `phone`) VALUES ('296', 'Lavonne', 'Volkman', 'nathan.blick@example.net', '75bc7bd439490c3f4f728654e6174dfbad5a764b', '362');
INSERT INTO `users` (`id`, `firstname`, `lastname`, `email`, `password_hash`, `phone`) VALUES ('297', 'Ella', 'Jakubowski', 'grady.marcia@example.com', 'd58adc256121a84402cb259a0b97259ef20390cf', '884');
INSERT INTO `users` (`id`, `firstname`, `lastname`, `email`, `password_hash`, `phone`) VALUES ('298', 'Dewayne', 'Rolfson', 'zwunsch@example.net', 'dfe3cb8b33ffc25db4553ea5216f5dc50d4cec33', '425315');
INSERT INTO `users` (`id`, `firstname`, `lastname`, `email`, `password_hash`, `phone`) VALUES ('299', 'Libby', 'Roob', 'lockman.clement@example.net', '9757204a56f9722a4b313179ab5eabb184cafb2c', '61737');
INSERT INTO `users` (`id`, `firstname`, `lastname`, `email`, `password_hash`, `phone`) VALUES ('301', 'Geo', 'Hyatt', 'wolf.camila@example.org', '87490a0a5e0bbebe6a23a0889866ac526af17a75', '434696');
INSERT INTO `users` (`id`, `firstname`, `lastname`, `email`, `password_hash`, `phone`) VALUES ('305', 'Wilburn', 'Marquardt', 'amely.wyman@example.com', '26d460d7f6c0ce3e7edf5bb5d3a26173784d8d77', '78');
INSERT INTO `users` (`id`, `firstname`, `lastname`, `email`, `password_hash`, `phone`) VALUES ('306', 'Hiram', 'Quigley', 'hgrady@example.com', '6c97a00db38431c3731d875f07f0efd5937c0ddf', '44');
INSERT INTO `users` (`id`, `firstname`, `lastname`, `email`, `password_hash`, `phone`) VALUES ('307', 'Monserrate', 'Hane', 'treutel.joesph@example.org', '7be1aaf0db5565ff1f96c3bd24129cb651a35ced', '325');
INSERT INTO `users` (`id`, `firstname`, `lastname`, `email`, `password_hash`, `phone`) VALUES ('309', 'Delfina', 'Morar', 'smoen@example.net', '0ed863893e9a1cfb2dcf3dc6bf03a4fbf3f9ece0', '252453');
INSERT INTO `users` (`id`, `firstname`, `lastname`, `email`, `password_hash`, `phone`) VALUES ('313', 'Alexandrea', 'Nicolas', 'matilda12@example.com', '598384b021e36c43fdbf2ee5e32e7566e46e7ed9', '95');
INSERT INTO `users` (`id`, `firstname`, `lastname`, `email`, `password_hash`, `phone`) VALUES ('314', 'Casper', 'Runolfsson', 'rschoen@example.org', '2fff0a1bf37e4078e29f8aa2735b71be63b7195c', '393530');
INSERT INTO `users` (`id`, `firstname`, `lastname`, `email`, `password_hash`, `phone`) VALUES ('316', 'Arch', 'Breitenberg', 'mina.harvey@example.org', 'd7f199dd0433211711c7a1f419dd8ea44b93a293', '798813');
INSERT INTO `users` (`id`, `firstname`, `lastname`, `email`, `password_hash`, `phone`) VALUES ('318', 'Eudora', 'Upton', 'willy.d\'amore@example.org', '31e6b7983d2acbd12fe2fff5e1ef2c92ef8497e5', '745147');
INSERT INTO `users` (`id`, `firstname`, `lastname`, `email`, `password_hash`, `phone`) VALUES ('319', 'Tillman', 'Rutherford', 'buford.sipes@example.org', '099bf920d246e9ee801fa3d09629348551bd2d3c', '66619');
INSERT INTO `users` (`id`, `firstname`, `lastname`, `email`, `password_hash`, `phone`) VALUES ('320', 'Zula', 'Boehm', 'mohammed.torphy@example.net', 'd71e9a5462a139ab69f23c9c723a0cf28511fdc3', '338');
INSERT INTO `users` (`id`, `firstname`, `lastname`, `email`, `password_hash`, `phone`) VALUES ('321', 'Pearl', 'Legros', 'alene71@example.com', 'a9c73efe6908c351648d5c3a6c5bdf8262ca8bec', '31550');
INSERT INTO `users` (`id`, `firstname`, `lastname`, `email`, `password_hash`, `phone`) VALUES ('323', 'Minerva', 'Kuphal', 'mertz.libbie@example.org', 'a6f2311b7f86d38fd4f112838b448c47b1b722cb', '5203281788');
INSERT INTO `users` (`id`, `firstname`, `lastname`, `email`, `password_hash`, `phone`) VALUES ('324', 'Ida', 'Gislason', 'mraz.rossie@example.net', '255be72229b36927ed6208935b715282775bc2d2', '448');
INSERT INTO `users` (`id`, `firstname`, `lastname`, `email`, `password_hash`, `phone`) VALUES ('325', 'Imelda', 'Herman', 'stanton.rowe@example.com', '5c0a2d1d3119ae71b02d618cd760cb648c099414', '34286');
INSERT INTO `users` (`id`, `firstname`, `lastname`, `email`, `password_hash`, `phone`) VALUES ('327', 'Andres', 'Kub', 'pfannerstill.santina@example.net', '7368176af070e3bbbaa67cb75a00d3a7349e2aed', '659684');
INSERT INTO `users` (`id`, `firstname`, `lastname`, `email`, `password_hash`, `phone`) VALUES ('328', 'Carlee', 'Deckow', 'kohler.ken@example.org', 'e1ae619e0985a85d02ea70300ca1d0041f9e3ad1', '41');
INSERT INTO `users` (`id`, `firstname`, `lastname`, `email`, `password_hash`, `phone`) VALUES ('330', 'Ulises', 'Kulas', 'claudia03@example.net', '7a5c596511187ab836406cc4e94f2fb54878cf6a', '391032');
INSERT INTO `users` (`id`, `firstname`, `lastname`, `email`, `password_hash`, `phone`) VALUES ('331', 'Eduardo', 'Hickle', 'kendall74@example.com', '3a5fe4c54d184cf63f21f9208362f34d1736c938', '752932');
INSERT INTO `users` (`id`, `firstname`, `lastname`, `email`, `password_hash`, `phone`) VALUES ('332', 'Reymundo', 'Rutherford', 'chandler63@example.org', '10a8911d5d6dd3c5245b194cd35e9b7693e13981', '31');
INSERT INTO `users` (`id`, `firstname`, `lastname`, `email`, `password_hash`, `phone`) VALUES ('333', 'Laura', 'Kreiger', 'etillman@example.org', 'e0cdffd801d098dab56b2d45331a92042bf58957', '126283');
INSERT INTO `users` (`id`, `firstname`, `lastname`, `email`, `password_hash`, `phone`) VALUES ('335', 'Wiley', 'Dach', 'lskiles@example.com', '9beff9aec4a7ada5fa9064766e6179ab13786887', '452187');
INSERT INTO `users` (`id`, `firstname`, `lastname`, `email`, `password_hash`, `phone`) VALUES ('336', 'Elton', 'Grant', 'lmraz@example.org', 'f27169e25866614dd9ee1cdfafd31ec92c707c65', '254778');
INSERT INTO `users` (`id`, `firstname`, `lastname`, `email`, `password_hash`, `phone`) VALUES ('337', 'Heber', 'Jakubowski', 'robyn.hagenes@example.org', 'f5d1a171a753063e70d2f995b383ec8327004a10', '101445');
INSERT INTO `users` (`id`, `firstname`, `lastname`, `email`, `password_hash`, `phone`) VALUES ('341', 'Bertha', 'Roob', 'bria.huels@example.com', 'f9f39c2f69ecef07217af2c2a231d467d43987e4', '22');
INSERT INTO `users` (`id`, `firstname`, `lastname`, `email`, `password_hash`, `phone`) VALUES ('343', 'Eldred', 'Wintheiser', 'joel.o\'connell@example.com', 'e49dfc6c982843aec953870f2338e388a33f186e', '459621123');
INSERT INTO `users` (`id`, `firstname`, `lastname`, `email`, `password_hash`, `phone`) VALUES ('345', 'Cullen', 'Ullrich', 'norene25@example.com', '4a4d9b00aefe203b3558cb85ed30f51980aa6495', '66');
INSERT INTO `users` (`id`, `firstname`, `lastname`, `email`, `password_hash`, `phone`) VALUES ('348', 'Freddie', 'Dooley', 'michale.gerlach@example.com', '550dd8836eb66d6a711e9fe59f8f3648e55a892c', '428');
INSERT INTO `users` (`id`, `firstname`, `lastname`, `email`, `password_hash`, `phone`) VALUES ('349', 'Zakary', 'Powlowski', 'tullrich@example.com', 'f9ace9c20ce0df530952e09cf13f29eaa75e1c29', '89');
INSERT INTO `users` (`id`, `firstname`, `lastname`, `email`, `password_hash`, `phone`) VALUES ('350', 'Arielle', 'McKenzie', 'willms.blanche@example.com', '53cdf4f37743e12a2752b1314377499c21c44b94', '6082760176');
INSERT INTO `users` (`id`, `firstname`, `lastname`, `email`, `password_hash`, `phone`) VALUES ('353', 'Adolphus', 'Hills', 'guadalupe43@example.net', '287e4033a6efebc50db32f65aee51417cb9d660d', '663');
INSERT INTO `users` (`id`, `firstname`, `lastname`, `email`, `password_hash`, `phone`) VALUES ('354', 'Garrett', 'Marks', 'tmayert@example.net', 'f9acde545bfc5246a77f3fe27508cccd4e9684a5', '106');
INSERT INTO `users` (`id`, `firstname`, `lastname`, `email`, `password_hash`, `phone`) VALUES ('355', 'Jaeden', 'Deckow', 'hollie35@example.org', '72085e209a5868872552f5a674ee01239e0baae8', '782305');
INSERT INTO `users` (`id`, `firstname`, `lastname`, `email`, `password_hash`, `phone`) VALUES ('358', 'Clint', 'Friesen', 'erica.feil@example.org', '6a0eef76752705b7a792111f943b9416199dfce0', '330570');
INSERT INTO `users` (`id`, `firstname`, `lastname`, `email`, `password_hash`, `phone`) VALUES ('359', 'Adriel', 'Johnston', 'd\'amore.jaylen@example.org', 'd58295da260fd852eeb7d671617c13b554abdd07', '71');
INSERT INTO `users` (`id`, `firstname`, `lastname`, `email`, `password_hash`, `phone`) VALUES ('362', 'Kiel', 'Barton', 'otis.johnston@example.com', 'be80b9fa383a8be231b9038d52ee910af5542ecc', '985');
INSERT INTO `users` (`id`, `firstname`, `lastname`, `email`, `password_hash`, `phone`) VALUES ('364', 'Dorris', 'Greenholt', 'graham.lehner@example.org', 'dc782f42722cfc22419512628f4db4283d175d74', '55');
INSERT INTO `users` (`id`, `firstname`, `lastname`, `email`, `password_hash`, `phone`) VALUES ('366', 'London', 'Murphy', 'ndicki@example.com', '3b71305759828f3f84bfd14ba2bcf5a77932b1ab', '315786');
INSERT INTO `users` (`id`, `firstname`, `lastname`, `email`, `password_hash`, `phone`) VALUES ('369', 'Selina', 'Ryan', 'batz.caterina@example.org', '1ff6c2ec5c995aaf45110ed5230715a413177a34', '6210557140');
INSERT INTO `users` (`id`, `firstname`, `lastname`, `email`, `password_hash`, `phone`) VALUES ('370', 'Reginald', 'Doyle', 'eulalia.jones@example.org', '65aba814fa01f60b04397bc4390fc88b112c8dda', '203845');
INSERT INTO `users` (`id`, `firstname`, `lastname`, `email`, `password_hash`, `phone`) VALUES ('373', 'Georgianna', 'Bergstrom', 'umayert@example.com', '45a105478579212164294bd0f1fa927d95e6f9ff', '109');
INSERT INTO `users` (`id`, `firstname`, `lastname`, `email`, `password_hash`, `phone`) VALUES ('375', 'Vergie', 'Fisher', 'ratke.devante@example.net', 'df2631024dd1e045fb4119fd12254954a07ec5fc', '235352');
INSERT INTO `users` (`id`, `firstname`, `lastname`, `email`, `password_hash`, `phone`) VALUES ('377', 'Audreanne', 'Harber', 'afton33@example.net', '53788c1903376e2bac167cead08437378414aa39', '307516');
INSERT INTO `users` (`id`, `firstname`, `lastname`, `email`, `password_hash`, `phone`) VALUES ('378', 'Tyreek', 'West', 'qschoen@example.com', 'dd95d7a24d41fc5f9d6f191829aa794537da4c9c', '341');
INSERT INTO `users` (`id`, `firstname`, `lastname`, `email`, `password_hash`, `phone`) VALUES ('379', 'Judd', 'White', 'stone27@example.com', 'a4967e99c56499d6f74163520ec01a18c04338bd', '722024');
INSERT INTO `users` (`id`, `firstname`, `lastname`, `email`, `password_hash`, `phone`) VALUES ('380', 'Reta', 'Schowalter', 'bennett.hilll@example.net', '84282515b535f61e1125ed4fa904fc0d83718d8c', '51');
INSERT INTO `users` (`id`, `firstname`, `lastname`, `email`, `password_hash`, `phone`) VALUES ('381', 'Destini', 'Hermiston', 'kurt26@example.org', '946fbccc7fa1f8b35a2b66e5aba9eb4107054516', '635750');
INSERT INTO `users` (`id`, `firstname`, `lastname`, `email`, `password_hash`, `phone`) VALUES ('383', 'Brooklyn', 'Gerlach', 'jacobson.celestine@example.net', '3f1d246eaed4b6c9bfbec4402bed39716260836b', '1259815133');
INSERT INTO `users` (`id`, `firstname`, `lastname`, `email`, `password_hash`, `phone`) VALUES ('385', 'Christy', 'Lemke', 'finn37@example.net', '7f502c5f24d831e6d73664bd32446682c882802c', '3839772136');
INSERT INTO `users` (`id`, `firstname`, `lastname`, `email`, `password_hash`, `phone`) VALUES ('387', 'Zack', 'Durgan', 'jo.kling@example.org', 'ffce27c06efbbd5874e8d8577d94a82dab4b2236', '75');
INSERT INTO `users` (`id`, `firstname`, `lastname`, `email`, `password_hash`, `phone`) VALUES ('389', 'Wade', 'Ankunding', 'kacey.dietrich@example.net', 'c9e21c95eadd031faec75d7bdc4ddf86d5f78dc6', '7530219853');
INSERT INTO `users` (`id`, `firstname`, `lastname`, `email`, `password_hash`, `phone`) VALUES ('393', 'Gideon', 'Ratke', 'ktowne@example.org', 'b0b4f8aec958c4b2701f7e29b227a9b3d97d8758', '5373865103');
INSERT INTO `users` (`id`, `firstname`, `lastname`, `email`, `password_hash`, `phone`) VALUES ('394', 'Everett', 'O\'Conner', 'muhammad09@example.net', 'fbfa50d5aed815db98d75e08ed13395bcc28468a', '175');
INSERT INTO `users` (`id`, `firstname`, `lastname`, `email`, `password_hash`, `phone`) VALUES ('395', 'Abby', 'Daniel', 'virginie.gutmann@example.org', '56dfdd16ca4edfa1427ec640e6da87dc2296e5cb', '230');
INSERT INTO `users` (`id`, `firstname`, `lastname`, `email`, `password_hash`, `phone`) VALUES ('396', 'Tiana', 'Barrows', 'qhermiston@example.com', 'f8f3f8eb787540be4624ada40ebff9575ca6cedb', '735');
INSERT INTO `users` (`id`, `firstname`, `lastname`, `email`, `password_hash`, `phone`) VALUES ('398', 'Kiarra', 'Zieme', 'ktowne@example.net', '0e15e2883807072e3b570bbd4962d99525a8ddab', '64');
INSERT INTO `users` (`id`, `firstname`, `lastname`, `email`, `password_hash`, `phone`) VALUES ('399', 'Montana', 'McCullough', 'margie64@example.org', '1722d55e6b23506a5b97ac1776ce609bffcc2bf1', '724039');
INSERT INTO `users` (`id`, `firstname`, `lastname`, `email`, `password_hash`, `phone`) VALUES ('400', 'Denis', 'Price', 'fausto.stanton@example.com', '09bb0bee5bded3318eb65d861a9ccc8b2be58449', '888');


#
# TABLE STRUCTURE FOR: users_communities
#

DROP TABLE IF EXISTS `users_communities`;

CREATE TABLE `users_communities` (
  `user_id` bigint(20) unsigned NOT NULL,
  `community_id` bigint(20) unsigned NOT NULL,
  PRIMARY KEY (`user_id`,`community_id`),
  KEY `community_id` (`community_id`),
  CONSTRAINT `users_communities_ibfk_1` FOREIGN KEY (`user_id`) REFERENCES `users` (`id`),
  CONSTRAINT `users_communities_ibfk_2` FOREIGN KEY (`community_id`) REFERENCES `communities` (`id`)
) ENGINE=InnoDB DEFAULT CHARSET=utf8mb4 COLLATE=utf8mb4_unicode_ci;

INSERT INTO `users_communities` (`user_id`, `community_id`) VALUES ('201', '1');
INSERT INTO `users_communities` (`user_id`, `community_id`) VALUES ('202', '2');
INSERT INTO `users_communities` (`user_id`, `community_id`) VALUES ('203', '3');
INSERT INTO `users_communities` (`user_id`, `community_id`) VALUES ('205', '4');
INSERT INTO `users_communities` (`user_id`, `community_id`) VALUES ('206', '5');
INSERT INTO `users_communities` (`user_id`, `community_id`) VALUES ('210', '6');
INSERT INTO `users_communities` (`user_id`, `community_id`) VALUES ('213', '7');
INSERT INTO `users_communities` (`user_id`, `community_id`) VALUES ('214', '8');
INSERT INTO `users_communities` (`user_id`, `community_id`) VALUES ('215', '9');
INSERT INTO `users_communities` (`user_id`, `community_id`) VALUES ('216', '10');
INSERT INTO `users_communities` (`user_id`, `community_id`) VALUES ('217', '11');
INSERT INTO `users_communities` (`user_id`, `community_id`) VALUES ('218', '12');
INSERT INTO `users_communities` (`user_id`, `community_id`) VALUES ('220', '13');
INSERT INTO `users_communities` (`user_id`, `community_id`) VALUES ('221', '14');
INSERT INTO `users_communities` (`user_id`, `community_id`) VALUES ('222', '15');
INSERT INTO `users_communities` (`user_id`, `community_id`) VALUES ('223', '16');
INSERT INTO `users_communities` (`user_id`, `community_id`) VALUES ('224', '17');
INSERT INTO `users_communities` (`user_id`, `community_id`) VALUES ('225', '18');
INSERT INTO `users_communities` (`user_id`, `community_id`) VALUES ('226', '19');
INSERT INTO `users_communities` (`user_id`, `community_id`) VALUES ('227', '20');
INSERT INTO `users_communities` (`user_id`, `community_id`) VALUES ('228', '21');
INSERT INTO `users_communities` (`user_id`, `community_id`) VALUES ('229', '22');
INSERT INTO `users_communities` (`user_id`, `community_id`) VALUES ('230', '23');
INSERT INTO `users_communities` (`user_id`, `community_id`) VALUES ('231', '24');
INSERT INTO `users_communities` (`user_id`, `community_id`) VALUES ('233', '25');
INSERT INTO `users_communities` (`user_id`, `community_id`) VALUES ('235', '26');
INSERT INTO `users_communities` (`user_id`, `community_id`) VALUES ('236', '27');
INSERT INTO `users_communities` (`user_id`, `community_id`) VALUES ('239', '28');
INSERT INTO `users_communities` (`user_id`, `community_id`) VALUES ('240', '29');
INSERT INTO `users_communities` (`user_id`, `community_id`) VALUES ('242', '30');
INSERT INTO `users_communities` (`user_id`, `community_id`) VALUES ('245', '31');
INSERT INTO `users_communities` (`user_id`, `community_id`) VALUES ('246', '32');
INSERT INTO `users_communities` (`user_id`, `community_id`) VALUES ('248', '33');
INSERT INTO `users_communities` (`user_id`, `community_id`) VALUES ('249', '34');
INSERT INTO `users_communities` (`user_id`, `community_id`) VALUES ('251', '35');
INSERT INTO `users_communities` (`user_id`, `community_id`) VALUES ('252', '36');
INSERT INTO `users_communities` (`user_id`, `community_id`) VALUES ('253', '37');
INSERT INTO `users_communities` (`user_id`, `community_id`) VALUES ('254', '38');
INSERT INTO `users_communities` (`user_id`, `community_id`) VALUES ('255', '39');
INSERT INTO `users_communities` (`user_id`, `community_id`) VALUES ('257', '40');
INSERT INTO `users_communities` (`user_id`, `community_id`) VALUES ('258', '41');
INSERT INTO `users_communities` (`user_id`, `community_id`) VALUES ('259', '42');
INSERT INTO `users_communities` (`user_id`, `community_id`) VALUES ('260', '43');
INSERT INTO `users_communities` (`user_id`, `community_id`) VALUES ('263', '44');
INSERT INTO `users_communities` (`user_id`, `community_id`) VALUES ('265', '45');
INSERT INTO `users_communities` (`user_id`, `community_id`) VALUES ('266', '46');
INSERT INTO `users_communities` (`user_id`, `community_id`) VALUES ('268', '47');
INSERT INTO `users_communities` (`user_id`, `community_id`) VALUES ('269', '48');
INSERT INTO `users_communities` (`user_id`, `community_id`) VALUES ('270', '49');
INSERT INTO `users_communities` (`user_id`, `community_id`) VALUES ('275', '50');
INSERT INTO `users_communities` (`user_id`, `community_id`) VALUES ('276', '51');
INSERT INTO `users_communities` (`user_id`, `community_id`) VALUES ('277', '52');
INSERT INTO `users_communities` (`user_id`, `community_id`) VALUES ('278', '53');
INSERT INTO `users_communities` (`user_id`, `community_id`) VALUES ('279', '54');
INSERT INTO `users_communities` (`user_id`, `community_id`) VALUES ('281', '55');
INSERT INTO `users_communities` (`user_id`, `community_id`) VALUES ('282', '56');
INSERT INTO `users_communities` (`user_id`, `community_id`) VALUES ('283', '57');
INSERT INTO `users_communities` (`user_id`, `community_id`) VALUES ('284', '58');
INSERT INTO `users_communities` (`user_id`, `community_id`) VALUES ('285', '59');
INSERT INTO `users_communities` (`user_id`, `community_id`) VALUES ('286', '60');
INSERT INTO `users_communities` (`user_id`, `community_id`) VALUES ('287', '61');
INSERT INTO `users_communities` (`user_id`, `community_id`) VALUES ('288', '62');
INSERT INTO `users_communities` (`user_id`, `community_id`) VALUES ('290', '63');
INSERT INTO `users_communities` (`user_id`, `community_id`) VALUES ('291', '64');
INSERT INTO `users_communities` (`user_id`, `community_id`) VALUES ('292', '65');
INSERT INTO `users_communities` (`user_id`, `community_id`) VALUES ('293', '66');
INSERT INTO `users_communities` (`user_id`, `community_id`) VALUES ('294', '67');
INSERT INTO `users_communities` (`user_id`, `community_id`) VALUES ('295', '68');
INSERT INTO `users_communities` (`user_id`, `community_id`) VALUES ('296', '69');
INSERT INTO `users_communities` (`user_id`, `community_id`) VALUES ('297', '70');
INSERT INTO `users_communities` (`user_id`, `community_id`) VALUES ('298', '71');
INSERT INTO `users_communities` (`user_id`, `community_id`) VALUES ('299', '72');
INSERT INTO `users_communities` (`user_id`, `community_id`) VALUES ('301', '73');
INSERT INTO `users_communities` (`user_id`, `community_id`) VALUES ('305', '74');
INSERT INTO `users_communities` (`user_id`, `community_id`) VALUES ('306', '75');
INSERT INTO `users_communities` (`user_id`, `community_id`) VALUES ('307', '76');
INSERT INTO `users_communities` (`user_id`, `community_id`) VALUES ('309', '77');
INSERT INTO `users_communities` (`user_id`, `community_id`) VALUES ('313', '78');
INSERT INTO `users_communities` (`user_id`, `community_id`) VALUES ('314', '79');
INSERT INTO `users_communities` (`user_id`, `community_id`) VALUES ('316', '80');
INSERT INTO `users_communities` (`user_id`, `community_id`) VALUES ('318', '81');
INSERT INTO `users_communities` (`user_id`, `community_id`) VALUES ('319', '82');
INSERT INTO `users_communities` (`user_id`, `community_id`) VALUES ('320', '83');
INSERT INTO `users_communities` (`user_id`, `community_id`) VALUES ('321', '84');
INSERT INTO `users_communities` (`user_id`, `community_id`) VALUES ('323', '85');
INSERT INTO `users_communities` (`user_id`, `community_id`) VALUES ('324', '86');
INSERT INTO `users_communities` (`user_id`, `community_id`) VALUES ('325', '87');
INSERT INTO `users_communities` (`user_id`, `community_id`) VALUES ('327', '88');
INSERT INTO `users_communities` (`user_id`, `community_id`) VALUES ('328', '89');
INSERT INTO `users_communities` (`user_id`, `community_id`) VALUES ('330', '90');
INSERT INTO `users_communities` (`user_id`, `community_id`) VALUES ('331', '91');
INSERT INTO `users_communities` (`user_id`, `community_id`) VALUES ('332', '92');
INSERT INTO `users_communities` (`user_id`, `community_id`) VALUES ('333', '93');
INSERT INTO `users_communities` (`user_id`, `community_id`) VALUES ('335', '94');
INSERT INTO `users_communities` (`user_id`, `community_id`) VALUES ('336', '95');
INSERT INTO `users_communities` (`user_id`, `community_id`) VALUES ('337', '96');
INSERT INTO `users_communities` (`user_id`, `community_id`) VALUES ('341', '97');
INSERT INTO `users_communities` (`user_id`, `community_id`) VALUES ('343', '98');
INSERT INTO `users_communities` (`user_id`, `community_id`) VALUES ('345', '99');
INSERT INTO `users_communities` (`user_id`, `community_id`) VALUES ('348', '100');


